Open time,Open,High,Low,Close,Volume,Close time,Quote asset volume,Number of trades,Taker buy base asset volume,Taker buy quote asset volume,Ignore
1518134400000,nan,nan,nan,nan,nan,nan,nan,nan,nan,nan,nan
1518134460000,nan,nan,nan,nan,nan,nan,nan,nan,nan,nan,nan
1518134520000,nan,nan,nan,nan,nan,nan,nan,nan,nan,nan,nan
1518134580000,nan,nan,nan,nan,nan,nan,nan,nan,nan,nan,nan
1518134640000,nan,nan,nan,nan,nan,nan,nan,nan,nan,nan,nan
1518134700000,nan,nan,nan,nan,nan,nan,nan,nan,nan,nan,nan
1518134760000,nan,nan,nan,nan,nan,nan,nan,nan,nan,nan,nan
1518134820000,nan,nan,nan,nan,nan,nan,nan,nan,nan,nan,nan
1518134880000,nan,nan,nan,nan,nan,nan,nan,nan,nan,nan,nan
1518134940000,nan,nan,nan,nan,nan,nan,nan,nan,nan,nan,nan
1518135000000,nan,nan,nan,nan,nan,nan,nan,nan,nan,nan,nan
1518135060000,nan,nan,nan,nan,nan,nan,nan,nan,nan,nan,nan
1518135120000,nan,nan,nan,nan,nan,nan,nan,nan,nan,nan,nan
1518135180000,nan,nan,nan,nan,nan,nan,nan,nan,nan,nan,nan
1518135240000,nan,nan,nan,nan,nan,nan,nan,nan,nan,nan,nan
1518135300000,nan,nan,nan,nan,nan,nan,nan,nan,nan,nan,nan
1518135360000,nan,nan,nan,nan,nan,nan,nan,nan,nan,nan,nan
1518135420000,nan,nan,nan,nan,nan,nan,nan,nan,nan,nan,nan
1518135480000,nan,nan,nan,nan,nan,nan,nan,nan,nan,nan,nan
1518135540000,nan,nan,nan,nan,nan,nan,nan,nan,nan,nan,nan
1518135600000,nan,nan,nan,nan,nan,nan,nan,nan,nan,nan,nan
1518135660000,nan,nan,nan,nan,nan,nan,nan,nan,nan,nan,nan
1518135720000,nan,nan,nan,nan,nan,nan,nan,nan,nan,nan,nan
1518135780000,nan,nan,nan,nan,nan,nan,nan,nan,nan,nan,nan
1518135840000,nan,nan,nan,nan,nan,nan,nan,nan,nan,nan,nan
1518135900000,nan,nan,nan,nan,nan,nan,nan,nan,nan,nan,nan
1518135960000,nan,nan,nan,nan,nan,nan,nan,nan,nan,nan,nan
1518136020000,nan,nan,nan,nan,nan,nan,nan,nan,nan,nan,nan
1518136080000,nan,nan,nan,nan,nan,nan,nan,nan,nan,nan,nan
1518136140000,nan,nan,nan,nan,nan,nan,nan,nan,nan,nan,nan
1518136200000,nan,nan,nan,nan,nan,nan,nan,nan,nan,nan,nan
1518136260000,nan,nan,nan,nan,nan,nan,nan,nan,nan,nan,nan
1518136320000,nan,nan,nan,nan,nan,nan,nan,nan,nan,nan,nan
1518136380000,nan,nan,nan,nan,nan,nan,nan,nan,nan,nan,nan
1518136440000,nan,nan,nan,nan,nan,nan,nan,nan,nan,nan,nan
1518136500000,nan,nan,nan,nan,nan,nan,nan,nan,nan,nan,nan
1518136560000,nan,nan,nan,nan,nan,nan,nan,nan,nan,nan,nan
1518136620000,nan,nan,nan,nan,nan,nan,nan,nan,nan,nan,nan
1518136680000,nan,nan,nan,nan,nan,nan,nan,nan,nan,nan,nan
1518136740000,nan,nan,nan,nan,nan,nan,nan,nan,nan,nan,nan
1518136800000,nan,nan,nan,nan,nan,nan,nan,nan,nan,nan,nan
1518136860000,nan,nan,nan,nan,nan,nan,nan,nan,nan,nan,nan
1518136920000,nan,nan,nan,nan,nan,nan,nan,nan,nan,nan,nan
1518136980000,nan,nan,nan,nan,nan,nan,nan,nan,nan,nan,nan
1518137040000,nan,nan,nan,nan,nan,nan,nan,nan,nan,nan,nan
1518137100000,nan,nan,nan,nan,nan,nan,nan,nan,nan,nan,nan
1518137160000,nan,nan,nan,nan,nan,nan,nan,nan,nan,nan,nan
1518137220000,nan,nan,nan,nan,nan,nan,nan,nan,nan,nan,nan
1518137280000,nan,nan,nan,nan,nan,nan,nan,nan,nan,nan,nan
1518137340000,nan,nan,nan,nan,nan,nan,nan,nan,nan,nan,nan
1518137400000,nan,nan,nan,nan,nan,nan,nan,nan,nan,nan,nan
1518137460000,nan,nan,nan,nan,nan,nan,nan,nan,nan,nan,nan
1518137520000,nan,nan,nan,nan,nan,nan,nan,nan,nan,nan,nan
1518137580000,nan,nan,nan,nan,nan,nan,nan,nan,nan,nan,nan
1518137640000,nan,nan,nan,nan,nan,nan,nan,nan,nan,nan,nan
1518137700000,nan,nan,nan,nan,nan,nan,nan,nan,nan,nan,nan
1518137760000,nan,nan,nan,nan,nan,nan,nan,nan,nan,nan,nan
1518137820000,nan,nan,nan,nan,nan,nan,nan,nan,nan,nan,nan
1518137880000,nan,nan,nan,nan,nan,nan,nan,nan,nan,nan,nan
1518137940000,nan,nan,nan,nan,nan,nan,nan,nan,nan,nan,nan
1518138000000,nan,nan,nan,nan,nan,nan,nan,nan,nan,nan,nan
1518138060000,nan,nan,nan,nan,nan,nan,nan,nan,nan,nan,nan
1518138120000,nan,nan,nan,nan,nan,nan,nan,nan,nan,nan,nan
1518138180000,nan,nan,nan,nan,nan,nan,nan,nan,nan,nan,nan
1518138240000,nan,nan,nan,nan,nan,nan,nan,nan,nan,nan,nan
1518138300000,nan,nan,nan,nan,nan,nan,nan,nan,nan,nan,nan
1518138360000,nan,nan,nan,nan,nan,nan,nan,nan,nan,nan,nan
1518138420000,nan,nan,nan,nan,nan,nan,nan,nan,nan,nan,nan
1518138480000,nan,nan,nan,nan,nan,nan,nan,nan,nan,nan,nan
1518138540000,nan,nan,nan,nan,nan,nan,nan,nan,nan,nan,nan
1518138600000,nan,nan,nan,nan,nan,nan,nan,nan,nan,nan,nan
1518138660000,nan,nan,nan,nan,nan,nan,nan,nan,nan,nan,nan
1518138720000,nan,nan,nan,nan,nan,nan,nan,nan,nan,nan,nan
1518138780000,nan,nan,nan,nan,nan,nan,nan,nan,nan,nan,nan
1518138840000,nan,nan,nan,nan,nan,nan,nan,nan,nan,nan,nan
1518138900000,nan,nan,nan,nan,nan,nan,nan,nan,nan,nan,nan
1518138960000,nan,nan,nan,nan,nan,nan,nan,nan,nan,nan,nan
1518139020000,nan,nan,nan,nan,nan,nan,nan,nan,nan,nan,nan
1518139080000,nan,nan,nan,nan,nan,nan,nan,nan,nan,nan,nan
1518139140000,nan,nan,nan,nan,nan,nan,nan,nan,nan,nan,nan
1518139200000,nan,nan,nan,nan,nan,nan,nan,nan,nan,nan,nan
1518139260000,nan,nan,nan,nan,nan,nan,nan,nan,nan,nan,nan
1518139320000,nan,nan,nan,nan,nan,nan,nan,nan,nan,nan,nan
1518139380000,nan,nan,nan,nan,nan,nan,nan,nan,nan,nan,nan
1518139440000,nan,nan,nan,nan,nan,nan,nan,nan,nan,nan,nan
1518139500000,nan,nan,nan,nan,nan,nan,nan,nan,nan,nan,nan
1518139560000,nan,nan,nan,nan,nan,nan,nan,nan,nan,nan,nan
1518139620000,nan,nan,nan,nan,nan,nan,nan,nan,nan,nan,nan
1518139680000,nan,nan,nan,nan,nan,nan,nan,nan,nan,nan,nan
1518139740000,nan,nan,nan,nan,nan,nan,nan,nan,nan,nan,nan
1518139800000,nan,nan,nan,nan,nan,nan,nan,nan,nan,nan,nan
1518139860000,nan,nan,nan,nan,nan,nan,nan,nan,nan,nan,nan
1518139920000,nan,nan,nan,nan,nan,nan,nan,nan,nan,nan,nan
1518139980000,nan,nan,nan,nan,nan,nan,nan,nan,nan,nan,nan
1518140040000,nan,nan,nan,nan,nan,nan,nan,nan,nan,nan,nan
1518140100000,nan,nan,nan,nan,nan,nan,nan,nan,nan,nan,nan
1518140160000,nan,nan,nan,nan,nan,nan,nan,nan,nan,nan,nan
1518140220000,nan,nan,nan,nan,nan,nan,nan,nan,nan,nan,nan
1518140280000,nan,nan,nan,nan,nan,nan,nan,nan,nan,nan,nan
1518140340000,nan,nan,nan,nan,nan,nan,nan,nan,nan,nan,nan
1518140400000,nan,nan,nan,nan,nan,nan,nan,nan,nan,nan,nan
1518140460000,nan,nan,nan,nan,nan,nan,nan,nan,nan,nan,nan
1518140520000,nan,nan,nan,nan,nan,nan,nan,nan,nan,nan,nan
1518140580000,nan,nan,nan,nan,nan,nan,nan,nan,nan,nan,nan
1518140640000,nan,nan,nan,nan,nan,nan,nan,nan,nan,nan,nan
1518140700000,nan,nan,nan,nan,nan,nan,nan,nan,nan,nan,nan
1518140760000,nan,nan,nan,nan,nan,nan,nan,nan,nan,nan,nan
1518140820000,nan,nan,nan,nan,nan,nan,nan,nan,nan,nan,nan
1518140880000,nan,nan,nan,nan,nan,nan,nan,nan,nan,nan,nan
1518140940000,nan,nan,nan,nan,nan,nan,nan,nan,nan,nan,nan
1518141000000,nan,nan,nan,nan,nan,nan,nan,nan,nan,nan,nan
1518141060000,nan,nan,nan,nan,nan,nan,nan,nan,nan,nan,nan
1518141120000,nan,nan,nan,nan,nan,nan,nan,nan,nan,nan,nan
1518141180000,nan,nan,nan,nan,nan,nan,nan,nan,nan,nan,nan
1518141240000,nan,nan,nan,nan,nan,nan,nan,nan,nan,nan,nan
1518141300000,nan,nan,nan,nan,nan,nan,nan,nan,nan,nan,nan
1518141360000,nan,nan,nan,nan,nan,nan,nan,nan,nan,nan,nan
1518141420000,nan,nan,nan,nan,nan,nan,nan,nan,nan,nan,nan
1518141480000,nan,nan,nan,nan,nan,nan,nan,nan,nan,nan,nan
1518141540000,nan,nan,nan,nan,nan,nan,nan,nan,nan,nan,nan
1518141600000,nan,nan,nan,nan,nan,nan,nan,nan,nan,nan,nan
1518141660000,nan,nan,nan,nan,nan,nan,nan,nan,nan,nan,nan
1518141720000,nan,nan,nan,nan,nan,nan,nan,nan,nan,nan,nan
1518141780000,nan,nan,nan,nan,nan,nan,nan,nan,nan,nan,nan
1518141840000,nan,nan,nan,nan,nan,nan,nan,nan,nan,nan,nan
1518141900000,nan,nan,nan,nan,nan,nan,nan,nan,nan,nan,nan
1518141960000,nan,nan,nan,nan,nan,nan,nan,nan,nan,nan,nan
1518142020000,nan,nan,nan,nan,nan,nan,nan,nan,nan,nan,nan
1518142080000,nan,nan,nan,nan,nan,nan,nan,nan,nan,nan,nan
1518142140000,nan,nan,nan,nan,nan,nan,nan,nan,nan,nan,nan
1518142200000,nan,nan,nan,nan,nan,nan,nan,nan,nan,nan,nan
1518142260000,nan,nan,nan,nan,nan,nan,nan,nan,nan,nan,nan
1518142320000,nan,nan,nan,nan,nan,nan,nan,nan,nan,nan,nan
1518142380000,nan,nan,nan,nan,nan,nan,nan,nan,nan,nan,nan
1518142440000,nan,nan,nan,nan,nan,nan,nan,nan,nan,nan,nan
1518142500000,nan,nan,nan,nan,nan,nan,nan,nan,nan,nan,nan
1518142560000,nan,nan,nan,nan,nan,nan,nan,nan,nan,nan,nan
1518142620000,nan,nan,nan,nan,nan,nan,nan,nan,nan,nan,nan
1518142680000,nan,nan,nan,nan,nan,nan,nan,nan,nan,nan,nan
1518142740000,nan,nan,nan,nan,nan,nan,nan,nan,nan,nan,nan
1518142800000,nan,nan,nan,nan,nan,nan,nan,nan,nan,nan,nan
1518142860000,nan,nan,nan,nan,nan,nan,nan,nan,nan,nan,nan
1518142920000,nan,nan,nan,nan,nan,nan,nan,nan,nan,nan,nan
1518142980000,nan,nan,nan,nan,nan,nan,nan,nan,nan,nan,nan
1518143040000,nan,nan,nan,nan,nan,nan,nan,nan,nan,nan,nan
1518143100000,nan,nan,nan,nan,nan,nan,nan,nan,nan,nan,nan
1518143160000,nan,nan,nan,nan,nan,nan,nan,nan,nan,nan,nan
1518143220000,nan,nan,nan,nan,nan,nan,nan,nan,nan,nan,nan
1518143280000,nan,nan,nan,nan,nan,nan,nan,nan,nan,nan,nan
1518143340000,nan,nan,nan,nan,nan,nan,nan,nan,nan,nan,nan
1518143400000,nan,nan,nan,nan,nan,nan,nan,nan,nan,nan,nan
1518143460000,nan,nan,nan,nan,nan,nan,nan,nan,nan,nan,nan
1518143520000,nan,nan,nan,nan,nan,nan,nan,nan,nan,nan,nan
1518143580000,nan,nan,nan,nan,nan,nan,nan,nan,nan,nan,nan
1518143640000,nan,nan,nan,nan,nan,nan,nan,nan,nan,nan,nan
1518143700000,nan,nan,nan,nan,nan,nan,nan,nan,nan,nan,nan
1518143760000,nan,nan,nan,nan,nan,nan,nan,nan,nan,nan,nan
1518143820000,nan,nan,nan,nan,nan,nan,nan,nan,nan,nan,nan
1518143880000,nan,nan,nan,nan,nan,nan,nan,nan,nan,nan,nan
1518143940000,nan,nan,nan,nan,nan,nan,nan,nan,nan,nan,nan
1518144000000,nan,nan,nan,nan,nan,nan,nan,nan,nan,nan,nan
1518144060000,nan,nan,nan,nan,nan,nan,nan,nan,nan,nan,nan
1518144120000,nan,nan,nan,nan,nan,nan,nan,nan,nan,nan,nan
1518144180000,nan,nan,nan,nan,nan,nan,nan,nan,nan,nan,nan
1518144240000,nan,nan,nan,nan,nan,nan,nan,nan,nan,nan,nan
1518144300000,nan,nan,nan,nan,nan,nan,nan,nan,nan,nan,nan
1518144360000,nan,nan,nan,nan,nan,nan,nan,nan,nan,nan,nan
1518144420000,nan,nan,nan,nan,nan,nan,nan,nan,nan,nan,nan
1518144480000,nan,nan,nan,nan,nan,nan,nan,nan,nan,nan,nan
1518144540000,nan,nan,nan,nan,nan,nan,nan,nan,nan,nan,nan
1518144600000,nan,nan,nan,nan,nan,nan,nan,nan,nan,nan,nan
1518144660000,nan,nan,nan,nan,nan,nan,nan,nan,nan,nan,nan
1518144720000,nan,nan,nan,nan,nan,nan,nan,nan,nan,nan,nan
1518144780000,nan,nan,nan,nan,nan,nan,nan,nan,nan,nan,nan
1518144840000,nan,nan,nan,nan,nan,nan,nan,nan,nan,nan,nan
1518144900000,nan,nan,nan,nan,nan,nan,nan,nan,nan,nan,nan
1518144960000,nan,nan,nan,nan,nan,nan,nan,nan,nan,nan,nan
1518145020000,nan,nan,nan,nan,nan,nan,nan,nan,nan,nan,nan
1518145080000,nan,nan,nan,nan,nan,nan,nan,nan,nan,nan,nan
1518145140000,nan,nan,nan,nan,nan,nan,nan,nan,nan,nan,nan
1518145200000,nan,nan,nan,nan,nan,nan,nan,nan,nan,nan,nan
1518145260000,nan,nan,nan,nan,nan,nan,nan,nan,nan,nan,nan
1518145320000,nan,nan,nan,nan,nan,nan,nan,nan,nan,nan,nan
1518145380000,nan,nan,nan,nan,nan,nan,nan,nan,nan,nan,nan
1518145440000,nan,nan,nan,nan,nan,nan,nan,nan,nan,nan,nan
1518145500000,nan,nan,nan,nan,nan,nan,nan,nan,nan,nan,nan
1518145560000,nan,nan,nan,nan,nan,nan,nan,nan,nan,nan,nan
1518145620000,nan,nan,nan,nan,nan,nan,nan,nan,nan,nan,nan
1518145680000,nan,nan,nan,nan,nan,nan,nan,nan,nan,nan,nan
1518145740000,nan,nan,nan,nan,nan,nan,nan,nan,nan,nan,nan
1518145800000,nan,nan,nan,nan,nan,nan,nan,nan,nan,nan,nan
1518145860000,nan,nan,nan,nan,nan,nan,nan,nan,nan,nan,nan
1518145920000,nan,nan,nan,nan,nan,nan,nan,nan,nan,nan,nan
1518145980000,nan,nan,nan,nan,nan,nan,nan,nan,nan,nan,nan
1518146040000,nan,nan,nan,nan,nan,nan,nan,nan,nan,nan,nan
1518146100000,nan,nan,nan,nan,nan,nan,nan,nan,nan,nan,nan
1518146160000,nan,nan,nan,nan,nan,nan,nan,nan,nan,nan,nan
1518146220000,nan,nan,nan,nan,nan,nan,nan,nan,nan,nan,nan
1518146280000,nan,nan,nan,nan,nan,nan,nan,nan,nan,nan,nan
1518146340000,nan,nan,nan,nan,nan,nan,nan,nan,nan,nan,nan
1518146400000,nan,nan,nan,nan,nan,nan,nan,nan,nan,nan,nan
1518146460000,nan,nan,nan,nan,nan,nan,nan,nan,nan,nan,nan
1518146520000,nan,nan,nan,nan,nan,nan,nan,nan,nan,nan,nan
1518146580000,nan,nan,nan,nan,nan,nan,nan,nan,nan,nan,nan
1518146640000,nan,nan,nan,nan,nan,nan,nan,nan,nan,nan,nan
1518146700000,nan,nan,nan,nan,nan,nan,nan,nan,nan,nan,nan
1518146760000,nan,nan,nan,nan,nan,nan,nan,nan,nan,nan,nan
1518146820000,nan,nan,nan,nan,nan,nan,nan,nan,nan,nan,nan
1518146880000,nan,nan,nan,nan,nan,nan,nan,nan,nan,nan,nan
1518146940000,nan,nan,nan,nan,nan,nan,nan,nan,nan,nan,nan
1518147000000,nan,nan,nan,nan,nan,nan,nan,nan,nan,nan,nan
1518147060000,nan,nan,nan,nan,nan,nan,nan,nan,nan,nan,nan
1518147120000,nan,nan,nan,nan,nan,nan,nan,nan,nan,nan,nan
1518147180000,nan,nan,nan,nan,nan,nan,nan,nan,nan,nan,nan
1518147240000,nan,nan,nan,nan,nan,nan,nan,nan,nan,nan,nan
1518147300000,nan,nan,nan,nan,nan,nan,nan,nan,nan,nan,nan
1518147360000,nan,nan,nan,nan,nan,nan,nan,nan,nan,nan,nan
1518147420000,nan,nan,nan,nan,nan,nan,nan,nan,nan,nan,nan
1518147480000,nan,nan,nan,nan,nan,nan,nan,nan,nan,nan,nan
1518147540000,nan,nan,nan,nan,nan,nan,nan,nan,nan,nan,nan
1518147600000,nan,nan,nan,nan,nan,nan,nan,nan,nan,nan,nan
1518147660000,nan,nan,nan,nan,nan,nan,nan,nan,nan,nan,nan
1518147720000,nan,nan,nan,nan,nan,nan,nan,nan,nan,nan,nan
1518147780000,nan,nan,nan,nan,nan,nan,nan,nan,nan,nan,nan
1518147840000,nan,nan,nan,nan,nan,nan,nan,nan,nan,nan,nan
1518147900000,nan,nan,nan,nan,nan,nan,nan,nan,nan,nan,nan
1518147960000,nan,nan,nan,nan,nan,nan,nan,nan,nan,nan,nan
1518148020000,nan,nan,nan,nan,nan,nan,nan,nan,nan,nan,nan
1518148080000,nan,nan,nan,nan,nan,nan,nan,nan,nan,nan,nan
1518148140000,nan,nan,nan,nan,nan,nan,nan,nan,nan,nan,nan
1518148200000,nan,nan,nan,nan,nan,nan,nan,nan,nan,nan,nan
1518148260000,nan,nan,nan,nan,nan,nan,nan,nan,nan,nan,nan
1518148320000,nan,nan,nan,nan,nan,nan,nan,nan,nan,nan,nan
1518148380000,nan,nan,nan,nan,nan,nan,nan,nan,nan,nan,nan
1518148440000,nan,nan,nan,nan,nan,nan,nan,nan,nan,nan,nan
1518148500000,nan,nan,nan,nan,nan,nan,nan,nan,nan,nan,nan
1518148560000,nan,nan,nan,nan,nan,nan,nan,nan,nan,nan,nan
1518148620000,nan,nan,nan,nan,nan,nan,nan,nan,nan,nan,nan
1518148680000,nan,nan,nan,nan,nan,nan,nan,nan,nan,nan,nan
1518148740000,nan,nan,nan,nan,nan,nan,nan,nan,nan,nan,nan
1518148800000,nan,nan,nan,nan,nan,nan,nan,nan,nan,nan,nan
1518148860000,nan,nan,nan,nan,nan,nan,nan,nan,nan,nan,nan
1518148920000,nan,nan,nan,nan,nan,nan,nan,nan,nan,nan,nan
1518148980000,nan,nan,nan,nan,nan,nan,nan,nan,nan,nan,nan
1518149040000,nan,nan,nan,nan,nan,nan,nan,nan,nan,nan,nan
1518149100000,nan,nan,nan,nan,nan,nan,nan,nan,nan,nan,nan
1518149160000,nan,nan,nan,nan,nan,nan,nan,nan,nan,nan,nan
1518149220000,nan,nan,nan,nan,nan,nan,nan,nan,nan,nan,nan
1518149280000,nan,nan,nan,nan,nan,nan,nan,nan,nan,nan,nan
1518149340000,nan,nan,nan,nan,nan,nan,nan,nan,nan,nan,nan
1518149400000,nan,nan,nan,nan,nan,nan,nan,nan,nan,nan,nan
1518149460000,nan,nan,nan,nan,nan,nan,nan,nan,nan,nan,nan
1518149520000,nan,nan,nan,nan,nan,nan,nan,nan,nan,nan,nan
1518149580000,nan,nan,nan,nan,nan,nan,nan,nan,nan,nan,nan
1518149640000,nan,nan,nan,nan,nan,nan,nan,nan,nan,nan,nan
1518149700000,nan,nan,nan,nan,nan,nan,nan,nan,nan,nan,nan
1518149760000,nan,nan,nan,nan,nan,nan,nan,nan,nan,nan,nan
1518149820000,nan,nan,nan,nan,nan,nan,nan,nan,nan,nan,nan
1518149880000,nan,nan,nan,nan,nan,nan,nan,nan,nan,nan,nan
1518149940000,nan,nan,nan,nan,nan,nan,nan,nan,nan,nan,nan
1518150000000,nan,nan,nan,nan,nan,nan,nan,nan,nan,nan,nan
1518150060000,nan,nan,nan,nan,nan,nan,nan,nan,nan,nan,nan
1518150120000,nan,nan,nan,nan,nan,nan,nan,nan,nan,nan,nan
1518150180000,nan,nan,nan,nan,nan,nan,nan,nan,nan,nan,nan
1518150240000,nan,nan,nan,nan,nan,nan,nan,nan,nan,nan,nan
1518150300000,nan,nan,nan,nan,nan,nan,nan,nan,nan,nan,nan
1518150360000,nan,nan,nan,nan,nan,nan,nan,nan,nan,nan,nan
1518150420000,nan,nan,nan,nan,nan,nan,nan,nan,nan,nan,nan
1518150480000,nan,nan,nan,nan,nan,nan,nan,nan,nan,nan,nan
1518150540000,nan,nan,nan,nan,nan,nan,nan,nan,nan,nan,nan
1518150600000,nan,nan,nan,nan,nan,nan,nan,nan,nan,nan,nan
1518150660000,nan,nan,nan,nan,nan,nan,nan,nan,nan,nan,nan
1518150720000,nan,nan,nan,nan,nan,nan,nan,nan,nan,nan,nan
1518150780000,nan,nan,nan,nan,nan,nan,nan,nan,nan,nan,nan
1518150840000,nan,nan,nan,nan,nan,nan,nan,nan,nan,nan,nan
1518150900000,nan,nan,nan,nan,nan,nan,nan,nan,nan,nan,nan
1518150960000,nan,nan,nan,nan,nan,nan,nan,nan,nan,nan,nan
1518151020000,nan,nan,nan,nan,nan,nan,nan,nan,nan,nan,nan
1518151080000,nan,nan,nan,nan,nan,nan,nan,nan,nan,nan,nan
1518151140000,nan,nan,nan,nan,nan,nan,nan,nan,nan,nan,nan
1518151200000,nan,nan,nan,nan,nan,nan,nan,nan,nan,nan,nan
1518151260000,nan,nan,nan,nan,nan,nan,nan,nan,nan,nan,nan
1518151320000,nan,nan,nan,nan,nan,nan,nan,nan,nan,nan,nan
1518151380000,nan,nan,nan,nan,nan,nan,nan,nan,nan,nan,nan
1518151440000,nan,nan,nan,nan,nan,nan,nan,nan,nan,nan,nan
1518151500000,nan,nan,nan,nan,nan,nan,nan,nan,nan,nan,nan
1518151560000,nan,nan,nan,nan,nan,nan,nan,nan,nan,nan,nan
1518151620000,nan,nan,nan,nan,nan,nan,nan,nan,nan,nan,nan
1518151680000,nan,nan,nan,nan,nan,nan,nan,nan,nan,nan,nan
1518151740000,nan,nan,nan,nan,nan,nan,nan,nan,nan,nan,nan
1518151800000,nan,nan,nan,nan,nan,nan,nan,nan,nan,nan,nan
1518151860000,nan,nan,nan,nan,nan,nan,nan,nan,nan,nan,nan
1518151920000,nan,nan,nan,nan,nan,nan,nan,nan,nan,nan,nan
1518151980000,nan,nan,nan,nan,nan,nan,nan,nan,nan,nan,nan
1518152040000,nan,nan,nan,nan,nan,nan,nan,nan,nan,nan,nan
1518152100000,nan,nan,nan,nan,nan,nan,nan,nan,nan,nan,nan
1518152160000,nan,nan,nan,nan,nan,nan,nan,nan,nan,nan,nan
1518152220000,nan,nan,nan,nan,nan,nan,nan,nan,nan,nan,nan
1518152280000,nan,nan,nan,nan,nan,nan,nan,nan,nan,nan,nan
1518152340000,nan,nan,nan,nan,nan,nan,nan,nan,nan,nan,nan
1518152400000,nan,nan,nan,nan,nan,nan,nan,nan,nan,nan,nan
1518152460000,nan,nan,nan,nan,nan,nan,nan,nan,nan,nan,nan
1518152520000,nan,nan,nan,nan,nan,nan,nan,nan,nan,nan,nan
1518152580000,nan,nan,nan,nan,nan,nan,nan,nan,nan,nan,nan
1518152640000,nan,nan,nan,nan,nan,nan,nan,nan,nan,nan,nan
1518152700000,nan,nan,nan,nan,nan,nan,nan,nan,nan,nan,nan
1518152760000,nan,nan,nan,nan,nan,nan,nan,nan,nan,nan,nan
1518152820000,nan,nan,nan,nan,nan,nan,nan,nan,nan,nan,nan
1518152880000,nan,nan,nan,nan,nan,nan,nan,nan,nan,nan,nan
1518152940000,nan,nan,nan,nan,nan,nan,nan,nan,nan,nan,nan
1518153000000,nan,nan,nan,nan,nan,nan,nan,nan,nan,nan,nan
1518153060000,nan,nan,nan,nan,nan,nan,nan,nan,nan,nan,nan
1518153120000,nan,nan,nan,nan,nan,nan,nan,nan,nan,nan,nan
1518153180000,nan,nan,nan,nan,nan,nan,nan,nan,nan,nan,nan
1518153240000,nan,nan,nan,nan,nan,nan,nan,nan,nan,nan,nan
1518153300000,nan,nan,nan,nan,nan,nan,nan,nan,nan,nan,nan
1518153360000,nan,nan,nan,nan,nan,nan,nan,nan,nan,nan,nan
1518153420000,nan,nan,nan,nan,nan,nan,nan,nan,nan,nan,nan
1518153480000,nan,nan,nan,nan,nan,nan,nan,nan,nan,nan,nan
1518153540000,nan,nan,nan,nan,nan,nan,nan,nan,nan,nan,nan
1518153600000,nan,nan,nan,nan,nan,nan,nan,nan,nan,nan,nan
1518153660000,nan,nan,nan,nan,nan,nan,nan,nan,nan,nan,nan
1518153720000,nan,nan,nan,nan,nan,nan,nan,nan,nan,nan,nan
1518153780000,nan,nan,nan,nan,nan,nan,nan,nan,nan,nan,nan
1518153840000,nan,nan,nan,nan,nan,nan,nan,nan,nan,nan,nan
1518153900000,nan,nan,nan,nan,nan,nan,nan,nan,nan,nan,nan
1518153960000,nan,nan,nan,nan,nan,nan,nan,nan,nan,nan,nan
1518154020000,nan,nan,nan,nan,nan,nan,nan,nan,nan,nan,nan
1518154080000,nan,nan,nan,nan,nan,nan,nan,nan,nan,nan,nan
1518154140000,nan,nan,nan,nan,nan,nan,nan,nan,nan,nan,nan
1518154200000,nan,nan,nan,nan,nan,nan,nan,nan,nan,nan,nan
1518154260000,nan,nan,nan,nan,nan,nan,nan,nan,nan,nan,nan
1518154320000,nan,nan,nan,nan,nan,nan,nan,nan,nan,nan,nan
1518154380000,nan,nan,nan,nan,nan,nan,nan,nan,nan,nan,nan
1518154440000,nan,nan,nan,nan,nan,nan,nan,nan,nan,nan,nan
1518154500000,nan,nan,nan,nan,nan,nan,nan,nan,nan,nan,nan
1518154560000,nan,nan,nan,nan,nan,nan,nan,nan,nan,nan,nan
1518154620000,nan,nan,nan,nan,nan,nan,nan,nan,nan,nan,nan
1518154680000,nan,nan,nan,nan,nan,nan,nan,nan,nan,nan,nan
1518154740000,nan,nan,nan,nan,nan,nan,nan,nan,nan,nan,nan
1518154800000,nan,nan,nan,nan,nan,nan,nan,nan,nan,nan,nan
1518154860000,nan,nan,nan,nan,nan,nan,nan,nan,nan,nan,nan
1518154920000,nan,nan,nan,nan,nan,nan,nan,nan,nan,nan,nan
1518154980000,nan,nan,nan,nan,nan,nan,nan,nan,nan,nan,nan
1518155040000,nan,nan,nan,nan,nan,nan,nan,nan,nan,nan,nan
1518155100000,nan,nan,nan,nan,nan,nan,nan,nan,nan,nan,nan
1518155160000,nan,nan,nan,nan,nan,nan,nan,nan,nan,nan,nan
1518155220000,nan,nan,nan,nan,nan,nan,nan,nan,nan,nan,nan
1518155280000,nan,nan,nan,nan,nan,nan,nan,nan,nan,nan,nan
1518155340000,nan,nan,nan,nan,nan,nan,nan,nan,nan,nan,nan
1518155400000,nan,nan,nan,nan,nan,nan,nan,nan,nan,nan,nan
1518155460000,nan,nan,nan,nan,nan,nan,nan,nan,nan,nan,nan
1518155520000,nan,nan,nan,nan,nan,nan,nan,nan,nan,nan,nan
1518155580000,nan,nan,nan,nan,nan,nan,nan,nan,nan,nan,nan
1518155640000,nan,nan,nan,nan,nan,nan,nan,nan,nan,nan,nan
1518155700000,nan,nan,nan,nan,nan,nan,nan,nan,nan,nan,nan
1518155760000,nan,nan,nan,nan,nan,nan,nan,nan,nan,nan,nan
1518155820000,nan,nan,nan,nan,nan,nan,nan,nan,nan,nan,nan
1518155880000,nan,nan,nan,nan,nan,nan,nan,nan,nan,nan,nan
1518155940000,nan,nan,nan,nan,nan,nan,nan,nan,nan,nan,nan
1518156000000,nan,nan,nan,nan,nan,nan,nan,nan,nan,nan,nan
1518156060000,nan,nan,nan,nan,nan,nan,nan,nan,nan,nan,nan
1518156120000,nan,nan,nan,nan,nan,nan,nan,nan,nan,nan,nan
1518156180000,nan,nan,nan,nan,nan,nan,nan,nan,nan,nan,nan
1518156240000,nan,nan,nan,nan,nan,nan,nan,nan,nan,nan,nan
1518156300000,nan,nan,nan,nan,nan,nan,nan,nan,nan,nan,nan
1518156360000,nan,nan,nan,nan,nan,nan,nan,nan,nan,nan,nan
1518156420000,nan,nan,nan,nan,nan,nan,nan,nan,nan,nan,nan
1518156480000,nan,nan,nan,nan,nan,nan,nan,nan,nan,nan,nan
1518156540000,nan,nan,nan,nan,nan,nan,nan,nan,nan,nan,nan
1518156600000,nan,nan,nan,nan,nan,nan,nan,nan,nan,nan,nan
1518156660000,nan,nan,nan,nan,nan,nan,nan,nan,nan,nan,nan
1518156720000,nan,nan,nan,nan,nan,nan,nan,nan,nan,nan,nan
1518156780000,nan,nan,nan,nan,nan,nan,nan,nan,nan,nan,nan
1518156840000,nan,nan,nan,nan,nan,nan,nan,nan,nan,nan,nan
1518156900000,nan,nan,nan,nan,nan,nan,nan,nan,nan,nan,nan
1518156960000,nan,nan,nan,nan,nan,nan,nan,nan,nan,nan,nan
1518157020000,nan,nan,nan,nan,nan,nan,nan,nan,nan,nan,nan
1518157080000,nan,nan,nan,nan,nan,nan,nan,nan,nan,nan,nan
1518157140000,nan,nan,nan,nan,nan,nan,nan,nan,nan,nan,nan
1518157200000,nan,nan,nan,nan,nan,nan,nan,nan,nan,nan,nan
1518157260000,nan,nan,nan,nan,nan,nan,nan,nan,nan,nan,nan
1518157320000,nan,nan,nan,nan,nan,nan,nan,nan,nan,nan,nan
1518157380000,nan,nan,nan,nan,nan,nan,nan,nan,nan,nan,nan
1518157440000,nan,nan,nan,nan,nan,nan,nan,nan,nan,nan,nan
1518157500000,nan,nan,nan,nan,nan,nan,nan,nan,nan,nan,nan
1518157560000,nan,nan,nan,nan,nan,nan,nan,nan,nan,nan,nan
1518157620000,nan,nan,nan,nan,nan,nan,nan,nan,nan,nan,nan
1518157680000,nan,nan,nan,nan,nan,nan,nan,nan,nan,nan,nan
1518157740000,nan,nan,nan,nan,nan,nan,nan,nan,nan,nan,nan
1518157800000,nan,nan,nan,nan,nan,nan,nan,nan,nan,nan,nan
1518157860000,nan,nan,nan,nan,nan,nan,nan,nan,nan,nan,nan
1518157920000,nan,nan,nan,nan,nan,nan,nan,nan,nan,nan,nan
1518157980000,nan,nan,nan,nan,nan,nan,nan,nan,nan,nan,nan
1518158040000,nan,nan,nan,nan,nan,nan,nan,nan,nan,nan,nan
1518158100000,nan,nan,nan,nan,nan,nan,nan,nan,nan,nan,nan
1518158160000,nan,nan,nan,nan,nan,nan,nan,nan,nan,nan,nan
1518158220000,nan,nan,nan,nan,nan,nan,nan,nan,nan,nan,nan
1518158280000,nan,nan,nan,nan,nan,nan,nan,nan,nan,nan,nan
1518158340000,nan,nan,nan,nan,nan,nan,nan,nan,nan,nan,nan
1518158400000,nan,nan,nan,nan,nan,nan,nan,nan,nan,nan,nan
1518158460000,nan,nan,nan,nan,nan,nan,nan,nan,nan,nan,nan
1518158520000,nan,nan,nan,nan,nan,nan,nan,nan,nan,nan,nan
1518158580000,nan,nan,nan,nan,nan,nan,nan,nan,nan,nan,nan
1518158640000,nan,nan,nan,nan,nan,nan,nan,nan,nan,nan,nan
1518158700000,nan,nan,nan,nan,nan,nan,nan,nan,nan,nan,nan
1518158760000,nan,nan,nan,nan,nan,nan,nan,nan,nan,nan,nan
1518158820000,nan,nan,nan,nan,nan,nan,nan,nan,nan,nan,nan
1518158880000,nan,nan,nan,nan,nan,nan,nan,nan,nan,nan,nan
1518158940000,nan,nan,nan,nan,nan,nan,nan,nan,nan,nan,nan
1518159000000,nan,nan,nan,nan,nan,nan,nan,nan,nan,nan,nan
1518159060000,nan,nan,nan,nan,nan,nan,nan,nan,nan,nan,nan
1518159120000,nan,nan,nan,nan,nan,nan,nan,nan,nan,nan,nan
1518159180000,nan,nan,nan,nan,nan,nan,nan,nan,nan,nan,nan
1518159240000,nan,nan,nan,nan,nan,nan,nan,nan,nan,nan,nan
1518159300000,nan,nan,nan,nan,nan,nan,nan,nan,nan,nan,nan
1518159360000,nan,nan,nan,nan,nan,nan,nan,nan,nan,nan,nan
1518159420000,nan,nan,nan,nan,nan,nan,nan,nan,nan,nan,nan
1518159480000,nan,nan,nan,nan,nan,nan,nan,nan,nan,nan,nan
1518159540000,nan,nan,nan,nan,nan,nan,nan,nan,nan,nan,nan
1518159600000,nan,nan,nan,nan,nan,nan,nan,nan,nan,nan,nan
1518159660000,nan,nan,nan,nan,nan,nan,nan,nan,nan,nan,nan
1518159720000,nan,nan,nan,nan,nan,nan,nan,nan,nan,nan,nan
1518159780000,nan,nan,nan,nan,nan,nan,nan,nan,nan,nan,nan
1518159840000,nan,nan,nan,nan,nan,nan,nan,nan,nan,nan,nan
1518159900000,nan,nan,nan,nan,nan,nan,nan,nan,nan,nan,nan
1518159960000,nan,nan,nan,nan,nan,nan,nan,nan,nan,nan,nan
1518160020000,nan,nan,nan,nan,nan,nan,nan,nan,nan,nan,nan
1518160080000,nan,nan,nan,nan,nan,nan,nan,nan,nan,nan,nan
1518160140000,nan,nan,nan,nan,nan,nan,nan,nan,nan,nan,nan
1518160200000,nan,nan,nan,nan,nan,nan,nan,nan,nan,nan,nan
1518160260000,nan,nan,nan,nan,nan,nan,nan,nan,nan,nan,nan
1518160320000,nan,nan,nan,nan,nan,nan,nan,nan,nan,nan,nan
1518160380000,nan,nan,nan,nan,nan,nan,nan,nan,nan,nan,nan
1518160440000,nan,nan,nan,nan,nan,nan,nan,nan,nan,nan,nan
1518160500000,nan,nan,nan,nan,nan,nan,nan,nan,nan,nan,nan
1518160560000,nan,nan,nan,nan,nan,nan,nan,nan,nan,nan,nan
1518160620000,nan,nan,nan,nan,nan,nan,nan,nan,nan,nan,nan
1518160680000,nan,nan,nan,nan,nan,nan,nan,nan,nan,nan,nan
1518160740000,nan,nan,nan,nan,nan,nan,nan,nan,nan,nan,nan
1518160800000,nan,nan,nan,nan,nan,nan,nan,nan,nan,nan,nan
1518160860000,nan,nan,nan,nan,nan,nan,nan,nan,nan,nan,nan
1518160920000,nan,nan,nan,nan,nan,nan,nan,nan,nan,nan,nan
1518160980000,nan,nan,nan,nan,nan,nan,nan,nan,nan,nan,nan
1518161040000,nan,nan,nan,nan,nan,nan,nan,nan,nan,nan,nan
1518161100000,nan,nan,nan,nan,nan,nan,nan,nan,nan,nan,nan
1518161160000,nan,nan,nan,nan,nan,nan,nan,nan,nan,nan,nan
1518161220000,nan,nan,nan,nan,nan,nan,nan,nan,nan,nan,nan
1518161280000,nan,nan,nan,nan,nan,nan,nan,nan,nan,nan,nan
1518161340000,nan,nan,nan,nan,nan,nan,nan,nan,nan,nan,nan
1518161400000,nan,nan,nan,nan,nan,nan,nan,nan,nan,nan,nan
1518161460000,nan,nan,nan,nan,nan,nan,nan,nan,nan,nan,nan
1518161520000,nan,nan,nan,nan,nan,nan,nan,nan,nan,nan,nan
1518161580000,nan,nan,nan,nan,nan,nan,nan,nan,nan,nan,nan
1518161640000,nan,nan,nan,nan,nan,nan,nan,nan,nan,nan,nan
1518161700000,nan,nan,nan,nan,nan,nan,nan,nan,nan,nan,nan
1518161760000,nan,nan,nan,nan,nan,nan,nan,nan,nan,nan,nan
1518161820000,nan,nan,nan,nan,nan,nan,nan,nan,nan,nan,nan
1518161880000,nan,nan,nan,nan,nan,nan,nan,nan,nan,nan,nan
1518161940000,nan,nan,nan,nan,nan,nan,nan,nan,nan,nan,nan
1518162000000,nan,nan,nan,nan,nan,nan,nan,nan,nan,nan,nan
1518162060000,nan,nan,nan,nan,nan,nan,nan,nan,nan,nan,nan
1518162120000,nan,nan,nan,nan,nan,nan,nan,nan,nan,nan,nan
1518162180000,nan,nan,nan,nan,nan,nan,nan,nan,nan,nan,nan
1518162240000,nan,nan,nan,nan,nan,nan,nan,nan,nan,nan,nan
1518162300000,nan,nan,nan,nan,nan,nan,nan,nan,nan,nan,nan
1518162360000,nan,nan,nan,nan,nan,nan,nan,nan,nan,nan,nan
1518162420000,nan,nan,nan,nan,nan,nan,nan,nan,nan,nan,nan
1518162480000,nan,nan,nan,nan,nan,nan,nan,nan,nan,nan,nan
1518162540000,nan,nan,nan,nan,nan,nan,nan,nan,nan,nan,nan
1518162600000,nan,nan,nan,nan,nan,nan,nan,nan,nan,nan,nan
1518162660000,nan,nan,nan,nan,nan,nan,nan,nan,nan,nan,nan
1518162720000,nan,nan,nan,nan,nan,nan,nan,nan,nan,nan,nan
1518162780000,nan,nan,nan,nan,nan,nan,nan,nan,nan,nan,nan
1518162840000,nan,nan,nan,nan,nan,nan,nan,nan,nan,nan,nan
1518162900000,nan,nan,nan,nan,nan,nan,nan,nan,nan,nan,nan
1518162960000,nan,nan,nan,nan,nan,nan,nan,nan,nan,nan,nan
1518163020000,nan,nan,nan,nan,nan,nan,nan,nan,nan,nan,nan
1518163080000,nan,nan,nan,nan,nan,nan,nan,nan,nan,nan,nan
1518163140000,nan,nan,nan,nan,nan,nan,nan,nan,nan,nan,nan
1518163200000,nan,nan,nan,nan,nan,nan,nan,nan,nan,nan,nan
1518163260000,nan,nan,nan,nan,nan,nan,nan,nan,nan,nan,nan
1518163320000,nan,nan,nan,nan,nan,nan,nan,nan,nan,nan,nan
1518163380000,nan,nan,nan,nan,nan,nan,nan,nan,nan,nan,nan
1518163440000,nan,nan,nan,nan,nan,nan,nan,nan,nan,nan,nan
1518163500000,nan,nan,nan,nan,nan,nan,nan,nan,nan,nan,nan
1518163560000,nan,nan,nan,nan,nan,nan,nan,nan,nan,nan,nan
1518163620000,nan,nan,nan,nan,nan,nan,nan,nan,nan,nan,nan
1518163680000,nan,nan,nan,nan,nan,nan,nan,nan,nan,nan,nan
1518163740000,nan,nan,nan,nan,nan,nan,nan,nan,nan,nan,nan
1518163800000,nan,nan,nan,nan,nan,nan,nan,nan,nan,nan,nan
1518163860000,nan,nan,nan,nan,nan,nan,nan,nan,nan,nan,nan
1518163920000,nan,nan,nan,nan,nan,nan,nan,nan,nan,nan,nan
1518163980000,nan,nan,nan,nan,nan,nan,nan,nan,nan,nan,nan
1518164040000,nan,nan,nan,nan,nan,nan,nan,nan,nan,nan,nan
1518164100000,nan,nan,nan,nan,nan,nan,nan,nan,nan,nan,nan
1518164160000,nan,nan,nan,nan,nan,nan,nan,nan,nan,nan,nan
1518164220000,nan,nan,nan,nan,nan,nan,nan,nan,nan,nan,nan
1518164280000,nan,nan,nan,nan,nan,nan,nan,nan,nan,nan,nan
1518164340000,nan,nan,nan,nan,nan,nan,nan,nan,nan,nan,nan
1518164400000,nan,nan,nan,nan,nan,nan,nan,nan,nan,nan,nan
1518164460000,nan,nan,nan,nan,nan,nan,nan,nan,nan,nan,nan
1518164520000,nan,nan,nan,nan,nan,nan,nan,nan,nan,nan,nan
1518164580000,nan,nan,nan,nan,nan,nan,nan,nan,nan,nan,nan
1518164640000,nan,nan,nan,nan,nan,nan,nan,nan,nan,nan,nan
1518164700000,nan,nan,nan,nan,nan,nan,nan,nan,nan,nan,nan
1518164760000,nan,nan,nan,nan,nan,nan,nan,nan,nan,nan,nan
1518164820000,nan,nan,nan,nan,nan,nan,nan,nan,nan,nan,nan
1518164880000,nan,nan,nan,nan,nan,nan,nan,nan,nan,nan,nan
1518164940000,nan,nan,nan,nan,nan,nan,nan,nan,nan,nan,nan
1518165000000,nan,nan,nan,nan,nan,nan,nan,nan,nan,nan,nan
1518165060000,nan,nan,nan,nan,nan,nan,nan,nan,nan,nan,nan
1518165120000,nan,nan,nan,nan,nan,nan,nan,nan,nan,nan,nan
1518165180000,nan,nan,nan,nan,nan,nan,nan,nan,nan,nan,nan
1518165240000,nan,nan,nan,nan,nan,nan,nan,nan,nan,nan,nan
1518165300000,nan,nan,nan,nan,nan,nan,nan,nan,nan,nan,nan
1518165360000,nan,nan,nan,nan,nan,nan,nan,nan,nan,nan,nan
1518165420000,nan,nan,nan,nan,nan,nan,nan,nan,nan,nan,nan
1518165480000,nan,nan,nan,nan,nan,nan,nan,nan,nan,nan,nan
1518165540000,nan,nan,nan,nan,nan,nan,nan,nan,nan,nan,nan
1518165600000,nan,nan,nan,nan,nan,nan,nan,nan,nan,nan,nan
1518165660000,nan,nan,nan,nan,nan,nan,nan,nan,nan,nan,nan
1518165720000,nan,nan,nan,nan,nan,nan,nan,nan,nan,nan,nan
1518165780000,nan,nan,nan,nan,nan,nan,nan,nan,nan,nan,nan
1518165840000,nan,nan,nan,nan,nan,nan,nan,nan,nan,nan,nan
1518165900000,nan,nan,nan,nan,nan,nan,nan,nan,nan,nan,nan
1518165960000,nan,nan,nan,nan,nan,nan,nan,nan,nan,nan,nan
1518166020000,nan,nan,nan,nan,nan,nan,nan,nan,nan,nan,nan
1518166080000,nan,nan,nan,nan,nan,nan,nan,nan,nan,nan,nan
1518166140000,nan,nan,nan,nan,nan,nan,nan,nan,nan,nan,nan
1518166200000,nan,nan,nan,nan,nan,nan,nan,nan,nan,nan,nan
1518166260000,nan,nan,nan,nan,nan,nan,nan,nan,nan,nan,nan
1518166320000,nan,nan,nan,nan,nan,nan,nan,nan,nan,nan,nan
1518166380000,nan,nan,nan,nan,nan,nan,nan,nan,nan,nan,nan
1518166440000,nan,nan,nan,nan,nan,nan,nan,nan,nan,nan,nan
1518166500000,nan,nan,nan,nan,nan,nan,nan,nan,nan,nan,nan
1518166560000,nan,nan,nan,nan,nan,nan,nan,nan,nan,nan,nan
1518166620000,nan,nan,nan,nan,nan,nan,nan,nan,nan,nan,nan
1518166680000,nan,nan,nan,nan,nan,nan,nan,nan,nan,nan,nan
1518166740000,nan,nan,nan,nan,nan,nan,nan,nan,nan,nan,nan
1518166800000,nan,nan,nan,nan,nan,nan,nan,nan,nan,nan,nan
1518166860000,nan,nan,nan,nan,nan,nan,nan,nan,nan,nan,nan
1518166920000,nan,nan,nan,nan,nan,nan,nan,nan,nan,nan,nan
1518166980000,nan,nan,nan,nan,nan,nan,nan,nan,nan,nan,nan
1518167040000,nan,nan,nan,nan,nan,nan,nan,nan,nan,nan,nan
1518167100000,nan,nan,nan,nan,nan,nan,nan,nan,nan,nan,nan
1518167160000,nan,nan,nan,nan,nan,nan,nan,nan,nan,nan,nan
1518167220000,nan,nan,nan,nan,nan,nan,nan,nan,nan,nan,nan
1518167280000,nan,nan,nan,nan,nan,nan,nan,nan,nan,nan,nan
1518167340000,nan,nan,nan,nan,nan,nan,nan,nan,nan,nan,nan
1518167400000,nan,nan,nan,nan,nan,nan,nan,nan,nan,nan,nan
1518167460000,nan,nan,nan,nan,nan,nan,nan,nan,nan,nan,nan
1518167520000,nan,nan,nan,nan,nan,nan,nan,nan,nan,nan,nan
1518167580000,nan,nan,nan,nan,nan,nan,nan,nan,nan,nan,nan
1518167640000,nan,nan,nan,nan,nan,nan,nan,nan,nan,nan,nan
1518167700000,nan,nan,nan,nan,nan,nan,nan,nan,nan,nan,nan
1518167760000,nan,nan,nan,nan,nan,nan,nan,nan,nan,nan,nan
1518167820000,nan,nan,nan,nan,nan,nan,nan,nan,nan,nan,nan
1518167880000,nan,nan,nan,nan,nan,nan,nan,nan,nan,nan,nan
1518167940000,nan,nan,nan,nan,nan,nan,nan,nan,nan,nan,nan
1518168000000,nan,nan,nan,nan,nan,nan,nan,nan,nan,nan,nan
1518168060000,nan,nan,nan,nan,nan,nan,nan,nan,nan,nan,nan
1518168120000,nan,nan,nan,nan,nan,nan,nan,nan,nan,nan,nan
1518168180000,nan,nan,nan,nan,nan,nan,nan,nan,nan,nan,nan
1518168240000,nan,nan,nan,nan,nan,nan,nan,nan,nan,nan,nan
1518168300000,nan,nan,nan,nan,nan,nan,nan,nan,nan,nan,nan
1518168360000,nan,nan,nan,nan,nan,nan,nan,nan,nan,nan,nan
1518168420000,nan,nan,nan,nan,nan,nan,nan,nan,nan,nan,nan
1518168480000,nan,nan,nan,nan,nan,nan,nan,nan,nan,nan,nan
1518168540000,nan,nan,nan,nan,nan,nan,nan,nan,nan,nan,nan
1518168600000,nan,nan,nan,nan,nan,nan,nan,nan,nan,nan,nan
1518168660000,nan,nan,nan,nan,nan,nan,nan,nan,nan,nan,nan
1518168720000,nan,nan,nan,nan,nan,nan,nan,nan,nan,nan,nan
1518168780000,nan,nan,nan,nan,nan,nan,nan,nan,nan,nan,nan
1518168840000,nan,nan,nan,nan,nan,nan,nan,nan,nan,nan,nan
1518168900000,nan,nan,nan,nan,nan,nan,nan,nan,nan,nan,nan
1518168960000,nan,nan,nan,nan,nan,nan,nan,nan,nan,nan,nan
1518169020000,nan,nan,nan,nan,nan,nan,nan,nan,nan,nan,nan
1518169080000,nan,nan,nan,nan,nan,nan,nan,nan,nan,nan,nan
1518169140000,nan,nan,nan,nan,nan,nan,nan,nan,nan,nan,nan
1518169200000,nan,nan,nan,nan,nan,nan,nan,nan,nan,nan,nan
1518169260000,nan,nan,nan,nan,nan,nan,nan,nan,nan,nan,nan
1518169320000,nan,nan,nan,nan,nan,nan,nan,nan,nan,nan,nan
1518169380000,nan,nan,nan,nan,nan,nan,nan,nan,nan,nan,nan
1518169440000,nan,nan,nan,nan,nan,nan,nan,nan,nan,nan,nan
1518169500000,nan,nan,nan,nan,nan,nan,nan,nan,nan,nan,nan
1518169560000,nan,nan,nan,nan,nan,nan,nan,nan,nan,nan,nan
1518169620000,nan,nan,nan,nan,nan,nan,nan,nan,nan,nan,nan
1518169680000,nan,nan,nan,nan,nan,nan,nan,nan,nan,nan,nan
1518169740000,nan,nan,nan,nan,nan,nan,nan,nan,nan,nan,nan
1518169800000,nan,nan,nan,nan,nan,nan,nan,nan,nan,nan,nan
1518169860000,nan,nan,nan,nan,nan,nan,nan,nan,nan,nan,nan
1518169920000,nan,nan,nan,nan,nan,nan,nan,nan,nan,nan,nan
1518169980000,nan,nan,nan,nan,nan,nan,nan,nan,nan,nan,nan
1518170040000,nan,nan,nan,nan,nan,nan,nan,nan,nan,nan,nan
1518170100000,nan,nan,nan,nan,nan,nan,nan,nan,nan,nan,nan
1518170160000,nan,nan,nan,nan,nan,nan,nan,nan,nan,nan,nan
1518170220000,nan,nan,nan,nan,nan,nan,nan,nan,nan,nan,nan
1518170280000,nan,nan,nan,nan,nan,nan,nan,nan,nan,nan,nan
1518170340000,nan,nan,nan,nan,nan,nan,nan,nan,nan,nan,nan
1518170400000,nan,nan,nan,nan,nan,nan,nan,nan,nan,nan,nan
1518170460000,nan,nan,nan,nan,nan,nan,nan,nan,nan,nan,nan
1518170520000,nan,nan,nan,nan,nan,nan,nan,nan,nan,nan,nan
1518170580000,nan,nan,nan,nan,nan,nan,nan,nan,nan,nan,nan
1518170640000,nan,nan,nan,nan,nan,nan,nan,nan,nan,nan,nan
1518170700000,nan,nan,nan,nan,nan,nan,nan,nan,nan,nan,nan
1518170760000,nan,nan,nan,nan,nan,nan,nan,nan,nan,nan,nan
1518170820000,nan,nan,nan,nan,nan,nan,nan,nan,nan,nan,nan
1518170880000,nan,nan,nan,nan,nan,nan,nan,nan,nan,nan,nan
1518170940000,nan,nan,nan,nan,nan,nan,nan,nan,nan,nan,nan
1518171000000,nan,nan,nan,nan,nan,nan,nan,nan,nan,nan,nan
1518171060000,nan,nan,nan,nan,nan,nan,nan,nan,nan,nan,nan
1518171120000,nan,nan,nan,nan,nan,nan,nan,nan,nan,nan,nan
1518171180000,nan,nan,nan,nan,nan,nan,nan,nan,nan,nan,nan
1518171240000,nan,nan,nan,nan,nan,nan,nan,nan,nan,nan,nan
1518171300000,nan,nan,nan,nan,nan,nan,nan,nan,nan,nan,nan
1518171360000,nan,nan,nan,nan,nan,nan,nan,nan,nan,nan,nan
1518171420000,nan,nan,nan,nan,nan,nan,nan,nan,nan,nan,nan
1518171480000,nan,nan,nan,nan,nan,nan,nan,nan,nan,nan,nan
1518171540000,nan,nan,nan,nan,nan,nan,nan,nan,nan,nan,nan
1518171600000,nan,nan,nan,nan,nan,nan,nan,nan,nan,nan,nan
1518171660000,nan,nan,nan,nan,nan,nan,nan,nan,nan,nan,nan
1518171720000,nan,nan,nan,nan,nan,nan,nan,nan,nan,nan,nan
1518171780000,nan,nan,nan,nan,nan,nan,nan,nan,nan,nan,nan
1518171840000,nan,nan,nan,nan,nan,nan,nan,nan,nan,nan,nan
1518171900000,nan,nan,nan,nan,nan,nan,nan,nan,nan,nan,nan
1518171960000,nan,nan,nan,nan,nan,nan,nan,nan,nan,nan,nan
1518172020000,nan,nan,nan,nan,nan,nan,nan,nan,nan,nan,nan
1518172080000,nan,nan,nan,nan,nan,nan,nan,nan,nan,nan,nan
1518172140000,nan,nan,nan,nan,nan,nan,nan,nan,nan,nan,nan
1518172200000,nan,nan,nan,nan,nan,nan,nan,nan,nan,nan,nan
1518172260000,nan,nan,nan,nan,nan,nan,nan,nan,nan,nan,nan
1518172320000,nan,nan,nan,nan,nan,nan,nan,nan,nan,nan,nan
1518172380000,nan,nan,nan,nan,nan,nan,nan,nan,nan,nan,nan
1518172440000,nan,nan,nan,nan,nan,nan,nan,nan,nan,nan,nan
1518172500000,nan,nan,nan,nan,nan,nan,nan,nan,nan,nan,nan
1518172560000,nan,nan,nan,nan,nan,nan,nan,nan,nan,nan,nan
1518172620000,nan,nan,nan,nan,nan,nan,nan,nan,nan,nan,nan
1518172680000,nan,nan,nan,nan,nan,nan,nan,nan,nan,nan,nan
1518172740000,nan,nan,nan,nan,nan,nan,nan,nan,nan,nan,nan
1518172800000,nan,nan,nan,nan,nan,nan,nan,nan,nan,nan,nan
1518172860000,nan,nan,nan,nan,nan,nan,nan,nan,nan,nan,nan
1518172920000,nan,nan,nan,nan,nan,nan,nan,nan,nan,nan,nan
1518172980000,nan,nan,nan,nan,nan,nan,nan,nan,nan,nan,nan
1518173040000,nan,nan,nan,nan,nan,nan,nan,nan,nan,nan,nan
1518173100000,nan,nan,nan,nan,nan,nan,nan,nan,nan,nan,nan
1518173160000,nan,nan,nan,nan,nan,nan,nan,nan,nan,nan,nan
1518173220000,nan,nan,nan,nan,nan,nan,nan,nan,nan,nan,nan
1518173280000,nan,nan,nan,nan,nan,nan,nan,nan,nan,nan,nan
1518173340000,nan,nan,nan,nan,nan,nan,nan,nan,nan,nan,nan
1518173400000,nan,nan,nan,nan,nan,nan,nan,nan,nan,nan,nan
1518173460000,nan,nan,nan,nan,nan,nan,nan,nan,nan,nan,nan
1518173520000,nan,nan,nan,nan,nan,nan,nan,nan,nan,nan,nan
1518173580000,nan,nan,nan,nan,nan,nan,nan,nan,nan,nan,nan
1518173640000,nan,nan,nan,nan,nan,nan,nan,nan,nan,nan,nan
1518173700000,nan,nan,nan,nan,nan,nan,nan,nan,nan,nan,nan
1518173760000,nan,nan,nan,nan,nan,nan,nan,nan,nan,nan,nan
1518173820000,nan,nan,nan,nan,nan,nan,nan,nan,nan,nan,nan
1518173880000,nan,nan,nan,nan,nan,nan,nan,nan,nan,nan,nan
1518173940000,nan,nan,nan,nan,nan,nan,nan,nan,nan,nan,nan
1518174000000,nan,nan,nan,nan,nan,nan,nan,nan,nan,nan,nan
1518174060000,nan,nan,nan,nan,nan,nan,nan,nan,nan,nan,nan
1518174120000,nan,nan,nan,nan,nan,nan,nan,nan,nan,nan,nan
1518174180000,nan,nan,nan,nan,nan,nan,nan,nan,nan,nan,nan
1518174240000,nan,nan,nan,nan,nan,nan,nan,nan,nan,nan,nan
1518174300000,nan,nan,nan,nan,nan,nan,nan,nan,nan,nan,nan
1518174360000,nan,nan,nan,nan,nan,nan,nan,nan,nan,nan,nan
1518174420000,nan,nan,nan,nan,nan,nan,nan,nan,nan,nan,nan
1518174480000,nan,nan,nan,nan,nan,nan,nan,nan,nan,nan,nan
1518174540000,nan,nan,nan,nan,nan,nan,nan,nan,nan,nan,nan
1518174600000,nan,nan,nan,nan,nan,nan,nan,nan,nan,nan,nan
1518174660000,nan,nan,nan,nan,nan,nan,nan,nan,nan,nan,nan
1518174720000,nan,nan,nan,nan,nan,nan,nan,nan,nan,nan,nan
1518174780000,nan,nan,nan,nan,nan,nan,nan,nan,nan,nan,nan
1518174840000,nan,nan,nan,nan,nan,nan,nan,nan,nan,nan,nan
1518174900000,nan,nan,nan,nan,nan,nan,nan,nan,nan,nan,nan
1518174960000,nan,nan,nan,nan,nan,nan,nan,nan,nan,nan,nan
1518175020000,nan,nan,nan,nan,nan,nan,nan,nan,nan,nan,nan
1518175080000,nan,nan,nan,nan,nan,nan,nan,nan,nan,nan,nan
1518175140000,nan,nan,nan,nan,nan,nan,nan,nan,nan,nan,nan
1518175200000,nan,nan,nan,nan,nan,nan,nan,nan,nan,nan,nan
1518175260000,nan,nan,nan,nan,nan,nan,nan,nan,nan,nan,nan
1518175320000,nan,nan,nan,nan,nan,nan,nan,nan,nan,nan,nan
1518175380000,nan,nan,nan,nan,nan,nan,nan,nan,nan,nan,nan
1518175440000,nan,nan,nan,nan,nan,nan,nan,nan,nan,nan,nan
1518175500000,nan,nan,nan,nan,nan,nan,nan,nan,nan,nan,nan
1518175560000,nan,nan,nan,nan,nan,nan,nan,nan,nan,nan,nan
1518175620000,nan,nan,nan,nan,nan,nan,nan,nan,nan,nan,nan
1518175680000,nan,nan,nan,nan,nan,nan,nan,nan,nan,nan,nan
1518175740000,nan,nan,nan,nan,nan,nan,nan,nan,nan,nan,nan
1518175800000,nan,nan,nan,nan,nan,nan,nan,nan,nan,nan,nan
1518175860000,nan,nan,nan,nan,nan,nan,nan,nan,nan,nan,nan
1518175920000,nan,nan,nan,nan,nan,nan,nan,nan,nan,nan,nan
1518175980000,nan,nan,nan,nan,nan,nan,nan,nan,nan,nan,nan
1518176040000,nan,nan,nan,nan,nan,nan,nan,nan,nan,nan,nan
1518176100000,nan,nan,nan,nan,nan,nan,nan,nan,nan,nan,nan
1518176160000,nan,nan,nan,nan,nan,nan,nan,nan,nan,nan,nan
1518176220000,nan,nan,nan,nan,nan,nan,nan,nan,nan,nan,nan
1518176280000,nan,nan,nan,nan,nan,nan,nan,nan,nan,nan,nan
1518176340000,nan,nan,nan,nan,nan,nan,nan,nan,nan,nan,nan
1518176400000,nan,nan,nan,nan,nan,nan,nan,nan,nan,nan,nan
1518176460000,nan,nan,nan,nan,nan,nan,nan,nan,nan,nan,nan
1518176520000,nan,nan,nan,nan,nan,nan,nan,nan,nan,nan,nan
1518176580000,nan,nan,nan,nan,nan,nan,nan,nan,nan,nan,nan
1518176640000,nan,nan,nan,nan,nan,nan,nan,nan,nan,nan,nan
1518176700000,nan,nan,nan,nan,nan,nan,nan,nan,nan,nan,nan
1518176760000,nan,nan,nan,nan,nan,nan,nan,nan,nan,nan,nan
1518176820000,nan,nan,nan,nan,nan,nan,nan,nan,nan,nan,nan
1518176880000,nan,nan,nan,nan,nan,nan,nan,nan,nan,nan,nan
1518176940000,nan,nan,nan,nan,nan,nan,nan,nan,nan,nan,nan
1518177000000,nan,nan,nan,nan,nan,nan,nan,nan,nan,nan,nan
1518177060000,nan,nan,nan,nan,nan,nan,nan,nan,nan,nan,nan
1518177120000,nan,nan,nan,nan,nan,nan,nan,nan,nan,nan,nan
1518177180000,nan,nan,nan,nan,nan,nan,nan,nan,nan,nan,nan
1518177240000,nan,nan,nan,nan,nan,nan,nan,nan,nan,nan,nan
1518177300000,nan,nan,nan,nan,nan,nan,nan,nan,nan,nan,nan
1518177360000,nan,nan,nan,nan,nan,nan,nan,nan,nan,nan,nan
1518177420000,nan,nan,nan,nan,nan,nan,nan,nan,nan,nan,nan
1518177480000,nan,nan,nan,nan,nan,nan,nan,nan,nan,nan,nan
1518177540000,nan,nan,nan,nan,nan,nan,nan,nan,nan,nan,nan
1518177600000,nan,nan,nan,nan,nan,nan,nan,nan,nan,nan,nan
1518177660000,nan,nan,nan,nan,nan,nan,nan,nan,nan,nan,nan
1518177720000,nan,nan,nan,nan,nan,nan,nan,nan,nan,nan,nan
1518177780000,nan,nan,nan,nan,nan,nan,nan,nan,nan,nan,nan
1518177840000,nan,nan,nan,nan,nan,nan,nan,nan,nan,nan,nan
1518177900000,nan,nan,nan,nan,nan,nan,nan,nan,nan,nan,nan
1518177960000,nan,nan,nan,nan,nan,nan,nan,nan,nan,nan,nan
1518178020000,nan,nan,nan,nan,nan,nan,nan,nan,nan,nan,nan
1518178080000,nan,nan,nan,nan,nan,nan,nan,nan,nan,nan,nan
1518178140000,nan,nan,nan,nan,nan,nan,nan,nan,nan,nan,nan
1518178200000,nan,nan,nan,nan,nan,nan,nan,nan,nan,nan,nan
1518178260000,nan,nan,nan,nan,nan,nan,nan,nan,nan,nan,nan
1518178320000,nan,nan,nan,nan,nan,nan,nan,nan,nan,nan,nan
1518178380000,nan,nan,nan,nan,nan,nan,nan,nan,nan,nan,nan
1518178440000,nan,nan,nan,nan,nan,nan,nan,nan,nan,nan,nan
1518178500000,nan,nan,nan,nan,nan,nan,nan,nan,nan,nan,nan
1518178560000,nan,nan,nan,nan,nan,nan,nan,nan,nan,nan,nan
1518178620000,nan,nan,nan,nan,nan,nan,nan,nan,nan,nan,nan
1518178680000,nan,nan,nan,nan,nan,nan,nan,nan,nan,nan,nan
1518178740000,nan,nan,nan,nan,nan,nan,nan,nan,nan,nan,nan
1518178800000,nan,nan,nan,nan,nan,nan,nan,nan,nan,nan,nan
1518178860000,nan,nan,nan,nan,nan,nan,nan,nan,nan,nan,nan
1518178920000,nan,nan,nan,nan,nan,nan,nan,nan,nan,nan,nan
1518178980000,nan,nan,nan,nan,nan,nan,nan,nan,nan,nan,nan
1518179040000,nan,nan,nan,nan,nan,nan,nan,nan,nan,nan,nan
1518179100000,nan,nan,nan,nan,nan,nan,nan,nan,nan,nan,nan
1518179160000,nan,nan,nan,nan,nan,nan,nan,nan,nan,nan,nan
1518179220000,nan,nan,nan,nan,nan,nan,nan,nan,nan,nan,nan
1518179280000,nan,nan,nan,nan,nan,nan,nan,nan,nan,nan,nan
1518179340000,nan,nan,nan,nan,nan,nan,nan,nan,nan,nan,nan
1518179400000,nan,nan,nan,nan,nan,nan,nan,nan,nan,nan,nan
1518179460000,nan,nan,nan,nan,nan,nan,nan,nan,nan,nan,nan
1518179520000,nan,nan,nan,nan,nan,nan,nan,nan,nan,nan,nan
1518179580000,nan,nan,nan,nan,nan,nan,nan,nan,nan,nan,nan
1518179640000,nan,nan,nan,nan,nan,nan,nan,nan,nan,nan,nan
1518179700000,nan,nan,nan,nan,nan,nan,nan,nan,nan,nan,nan
1518179760000,nan,nan,nan,nan,nan,nan,nan,nan,nan,nan,nan
1518179820000,nan,nan,nan,nan,nan,nan,nan,nan,nan,nan,nan
1518179880000,nan,nan,nan,nan,nan,nan,nan,nan,nan,nan,nan
1518179940000,nan,nan,nan,nan,nan,nan,nan,nan,nan,nan,nan
1518180000000,nan,nan,nan,nan,nan,nan,nan,nan,nan,nan,nan
1518180060000,nan,nan,nan,nan,nan,nan,nan,nan,nan,nan,nan
1518180120000,nan,nan,nan,nan,nan,nan,nan,nan,nan,nan,nan
1518180180000,nan,nan,nan,nan,nan,nan,nan,nan,nan,nan,nan
1518180240000,nan,nan,nan,nan,nan,nan,nan,nan,nan,nan,nan
1518180300000,nan,nan,nan,nan,nan,nan,nan,nan,nan,nan,nan
1518180360000,nan,nan,nan,nan,nan,nan,nan,nan,nan,nan,nan
1518180420000,nan,nan,nan,nan,nan,nan,nan,nan,nan,nan,nan
1518180480000,nan,nan,nan,nan,nan,nan,nan,nan,nan,nan,nan
1518180540000,nan,nan,nan,nan,nan,nan,nan,nan,nan,nan,nan
1518180600000,nan,nan,nan,nan,nan,nan,nan,nan,nan,nan,nan
1518180660000,nan,nan,nan,nan,nan,nan,nan,nan,nan,nan,nan
1518180720000,nan,nan,nan,nan,nan,nan,nan,nan,nan,nan,nan
1518180780000,nan,nan,nan,nan,nan,nan,nan,nan,nan,nan,nan
1518180840000,nan,nan,nan,nan,nan,nan,nan,nan,nan,nan,nan
1518180900000,nan,nan,nan,nan,nan,nan,nan,nan,nan,nan,nan
1518180960000,nan,nan,nan,nan,nan,nan,nan,nan,nan,nan,nan
1518181020000,nan,nan,nan,nan,nan,nan,nan,nan,nan,nan,nan
1518181080000,nan,nan,nan,nan,nan,nan,nan,nan,nan,nan,nan
1518181140000,nan,nan,nan,nan,nan,nan,nan,nan,nan,nan,nan
1518181200000,nan,nan,nan,nan,nan,nan,nan,nan,nan,nan,nan
1518181260000,nan,nan,nan,nan,nan,nan,nan,nan,nan,nan,nan
1518181320000,nan,nan,nan,nan,nan,nan,nan,nan,nan,nan,nan
1518181380000,nan,nan,nan,nan,nan,nan,nan,nan,nan,nan,nan
1518181440000,nan,nan,nan,nan,nan,nan,nan,nan,nan,nan,nan
1518181500000,nan,nan,nan,nan,nan,nan,nan,nan,nan,nan,nan
1518181560000,nan,nan,nan,nan,nan,nan,nan,nan,nan,nan,nan
1518181620000,nan,nan,nan,nan,nan,nan,nan,nan,nan,nan,nan
1518181680000,nan,nan,nan,nan,nan,nan,nan,nan,nan,nan,nan
1518181740000,nan,nan,nan,nan,nan,nan,nan,nan,nan,nan,nan
1518181800000,nan,nan,nan,nan,nan,nan,nan,nan,nan,nan,nan
1518181860000,nan,nan,nan,nan,nan,nan,nan,nan,nan,nan,nan
1518181920000,nan,nan,nan,nan,nan,nan,nan,nan,nan,nan,nan
1518181980000,nan,nan,nan,nan,nan,nan,nan,nan,nan,nan,nan
1518182040000,nan,nan,nan,nan,nan,nan,nan,nan,nan,nan,nan
1518182100000,nan,nan,nan,nan,nan,nan,nan,nan,nan,nan,nan
1518182160000,nan,nan,nan,nan,nan,nan,nan,nan,nan,nan,nan
1518182220000,nan,nan,nan,nan,nan,nan,nan,nan,nan,nan,nan
1518182280000,nan,nan,nan,nan,nan,nan,nan,nan,nan,nan,nan
1518182340000,nan,nan,nan,nan,nan,nan,nan,nan,nan,nan,nan
1518182400000,nan,nan,nan,nan,nan,nan,nan,nan,nan,nan,nan
1518182460000,nan,nan,nan,nan,nan,nan,nan,nan,nan,nan,nan
1518182520000,nan,nan,nan,nan,nan,nan,nan,nan,nan,nan,nan
1518182580000,nan,nan,nan,nan,nan,nan,nan,nan,nan,nan,nan
1518182640000,nan,nan,nan,nan,nan,nan,nan,nan,nan,nan,nan
1518182700000,nan,nan,nan,nan,nan,nan,nan,nan,nan,nan,nan
1518182760000,nan,nan,nan,nan,nan,nan,nan,nan,nan,nan,nan
1518182820000,nan,nan,nan,nan,nan,nan,nan,nan,nan,nan,nan
1518182880000,nan,nan,nan,nan,nan,nan,nan,nan,nan,nan,nan
1518182940000,nan,nan,nan,nan,nan,nan,nan,nan,nan,nan,nan
1518183000000,nan,nan,nan,nan,nan,nan,nan,nan,nan,nan,nan
1518183060000,nan,nan,nan,nan,nan,nan,nan,nan,nan,nan,nan
1518183120000,nan,nan,nan,nan,nan,nan,nan,nan,nan,nan,nan
1518183180000,nan,nan,nan,nan,nan,nan,nan,nan,nan,nan,nan
1518183240000,nan,nan,nan,nan,nan,nan,nan,nan,nan,nan,nan
1518183300000,nan,nan,nan,nan,nan,nan,nan,nan,nan,nan,nan
1518183360000,nan,nan,nan,nan,nan,nan,nan,nan,nan,nan,nan
1518183420000,nan,nan,nan,nan,nan,nan,nan,nan,nan,nan,nan
1518183480000,nan,nan,nan,nan,nan,nan,nan,nan,nan,nan,nan
1518183540000,nan,nan,nan,nan,nan,nan,nan,nan,nan,nan,nan
1518183600000,nan,nan,nan,nan,nan,nan,nan,nan,nan,nan,nan
1518183660000,nan,nan,nan,nan,nan,nan,nan,nan,nan,nan,nan
1518183720000,nan,nan,nan,nan,nan,nan,nan,nan,nan,nan,nan
1518183780000,nan,nan,nan,nan,nan,nan,nan,nan,nan,nan,nan
1518183840000,nan,nan,nan,nan,nan,nan,nan,nan,nan,nan,nan
1518183900000,nan,nan,nan,nan,nan,nan,nan,nan,nan,nan,nan
1518183960000,nan,nan,nan,nan,nan,nan,nan,nan,nan,nan,nan
1518184020000,nan,nan,nan,nan,nan,nan,nan,nan,nan,nan,nan
1518184080000,nan,nan,nan,nan,nan,nan,nan,nan,nan,nan,nan
1518184140000,nan,nan,nan,nan,nan,nan,nan,nan,nan,nan,nan
1518184200000,nan,nan,nan,nan,nan,nan,nan,nan,nan,nan,nan
1518184260000,nan,nan,nan,nan,nan,nan,nan,nan,nan,nan,nan
1518184320000,nan,nan,nan,nan,nan,nan,nan,nan,nan,nan,nan
1518184380000,nan,nan,nan,nan,nan,nan,nan,nan,nan,nan,nan
1518184440000,nan,nan,nan,nan,nan,nan,nan,nan,nan,nan,nan
1518184500000,nan,nan,nan,nan,nan,nan,nan,nan,nan,nan,nan
1518184560000,nan,nan,nan,nan,nan,nan,nan,nan,nan,nan,nan
1518184620000,nan,nan,nan,nan,nan,nan,nan,nan,nan,nan,nan
1518184680000,nan,nan,nan,nan,nan,nan,nan,nan,nan,nan,nan
1518184740000,nan,nan,nan,nan,nan,nan,nan,nan,nan,nan,nan
1518184800000,nan,nan,nan,nan,nan,nan,nan,nan,nan,nan,nan
1518184860000,nan,nan,nan,nan,nan,nan,nan,nan,nan,nan,nan
1518184920000,nan,nan,nan,nan,nan,nan,nan,nan,nan,nan,nan
1518184980000,nan,nan,nan,nan,nan,nan,nan,nan,nan,nan,nan
1518185040000,nan,nan,nan,nan,nan,nan,nan,nan,nan,nan,nan
1518185100000,nan,nan,nan,nan,nan,nan,nan,nan,nan,nan,nan
1518185160000,nan,nan,nan,nan,nan,nan,nan,nan,nan,nan,nan
1518185220000,nan,nan,nan,nan,nan,nan,nan,nan,nan,nan,nan
1518185280000,nan,nan,nan,nan,nan,nan,nan,nan,nan,nan,nan
1518185340000,nan,nan,nan,nan,nan,nan,nan,nan,nan,nan,nan
1518185400000,nan,nan,nan,nan,nan,nan,nan,nan,nan,nan,nan
1518185460000,nan,nan,nan,nan,nan,nan,nan,nan,nan,nan,nan
1518185520000,nan,nan,nan,nan,nan,nan,nan,nan,nan,nan,nan
1518185580000,nan,nan,nan,nan,nan,nan,nan,nan,nan,nan,nan
1518185640000,nan,nan,nan,nan,nan,nan,nan,nan,nan,nan,nan
1518185700000,nan,nan,nan,nan,nan,nan,nan,nan,nan,nan,nan
1518185760000,nan,nan,nan,nan,nan,nan,nan,nan,nan,nan,nan
1518185820000,nan,nan,nan,nan,nan,nan,nan,nan,nan,nan,nan
1518185880000,nan,nan,nan,nan,nan,nan,nan,nan,nan,nan,nan
1518185940000,nan,nan,nan,nan,nan,nan,nan,nan,nan,nan,nan
1518186000000,nan,nan,nan,nan,nan,nan,nan,nan,nan,nan,nan
1518186060000,nan,nan,nan,nan,nan,nan,nan,nan,nan,nan,nan
1518186120000,nan,nan,nan,nan,nan,nan,nan,nan,nan,nan,nan
1518186180000,nan,nan,nan,nan,nan,nan,nan,nan,nan,nan,nan
1518186240000,nan,nan,nan,nan,nan,nan,nan,nan,nan,nan,nan
1518186300000,nan,nan,nan,nan,nan,nan,nan,nan,nan,nan,nan
1518186360000,nan,nan,nan,nan,nan,nan,nan,nan,nan,nan,nan
1518186420000,nan,nan,nan,nan,nan,nan,nan,nan,nan,nan,nan
1518186480000,nan,nan,nan,nan,nan,nan,nan,nan,nan,nan,nan
1518186540000,nan,nan,nan,nan,nan,nan,nan,nan,nan,nan,nan
1518186600000,nan,nan,nan,nan,nan,nan,nan,nan,nan,nan,nan
1518186660000,nan,nan,nan,nan,nan,nan,nan,nan,nan,nan,nan
1518186720000,nan,nan,nan,nan,nan,nan,nan,nan,nan,nan,nan
1518186780000,nan,nan,nan,nan,nan,nan,nan,nan,nan,nan,nan
1518186840000,nan,nan,nan,nan,nan,nan,nan,nan,nan,nan,nan
1518186900000,nan,nan,nan,nan,nan,nan,nan,nan,nan,nan,nan
1518186960000,nan,nan,nan,nan,nan,nan,nan,nan,nan,nan,nan
1518187020000,nan,nan,nan,nan,nan,nan,nan,nan,nan,nan,nan
1518187080000,nan,nan,nan,nan,nan,nan,nan,nan,nan,nan,nan
1518187140000,nan,nan,nan,nan,nan,nan,nan,nan,nan,nan,nan
1518187200000,nan,nan,nan,nan,nan,nan,nan,nan,nan,nan,nan
1518187260000,nan,nan,nan,nan,nan,nan,nan,nan,nan,nan,nan
1518187320000,nan,nan,nan,nan,nan,nan,nan,nan,nan,nan,nan
1518187380000,nan,nan,nan,nan,nan,nan,nan,nan,nan,nan,nan
1518187440000,nan,nan,nan,nan,nan,nan,nan,nan,nan,nan,nan
1518187500000,nan,nan,nan,nan,nan,nan,nan,nan,nan,nan,nan
1518187560000,nan,nan,nan,nan,nan,nan,nan,nan,nan,nan,nan
1518187620000,nan,nan,nan,nan,nan,nan,nan,nan,nan,nan,nan
1518187680000,nan,nan,nan,nan,nan,nan,nan,nan,nan,nan,nan
1518187740000,nan,nan,nan,nan,nan,nan,nan,nan,nan,nan,nan
1518187800000,nan,nan,nan,nan,nan,nan,nan,nan,nan,nan,nan
1518187860000,nan,nan,nan,nan,nan,nan,nan,nan,nan,nan,nan
1518187920000,nan,nan,nan,nan,nan,nan,nan,nan,nan,nan,nan
1518187980000,nan,nan,nan,nan,nan,nan,nan,nan,nan,nan,nan
1518188040000,nan,nan,nan,nan,nan,nan,nan,nan,nan,nan,nan
1518188100000,nan,nan,nan,nan,nan,nan,nan,nan,nan,nan,nan
1518188160000,nan,nan,nan,nan,nan,nan,nan,nan,nan,nan,nan
1518188220000,nan,nan,nan,nan,nan,nan,nan,nan,nan,nan,nan
1518188280000,nan,nan,nan,nan,nan,nan,nan,nan,nan,nan,nan
1518188340000,nan,nan,nan,nan,nan,nan,nan,nan,nan,nan,nan
1518188400000,nan,nan,nan,nan,nan,nan,nan,nan,nan,nan,nan
1518188460000,nan,nan,nan,nan,nan,nan,nan,nan,nan,nan,nan
1518188520000,nan,nan,nan,nan,nan,nan,nan,nan,nan,nan,nan
1518188580000,nan,nan,nan,nan,nan,nan,nan,nan,nan,nan,nan
1518188640000,nan,nan,nan,nan,nan,nan,nan,nan,nan,nan,nan
1518188700000,nan,nan,nan,nan,nan,nan,nan,nan,nan,nan,nan
1518188760000,nan,nan,nan,nan,nan,nan,nan,nan,nan,nan,nan
1518188820000,nan,nan,nan,nan,nan,nan,nan,nan,nan,nan,nan
1518188880000,nan,nan,nan,nan,nan,nan,nan,nan,nan,nan,nan
1518188940000,nan,nan,nan,nan,nan,nan,nan,nan,nan,nan,nan
1518189000000,nan,nan,nan,nan,nan,nan,nan,nan,nan,nan,nan
1518189060000,nan,nan,nan,nan,nan,nan,nan,nan,nan,nan,nan
1518189120000,nan,nan,nan,nan,nan,nan,nan,nan,nan,nan,nan
1518189180000,nan,nan,nan,nan,nan,nan,nan,nan,nan,nan,nan
1518189240000,nan,nan,nan,nan,nan,nan,nan,nan,nan,nan,nan
1518189300000,nan,nan,nan,nan,nan,nan,nan,nan,nan,nan,nan
1518189360000,nan,nan,nan,nan,nan,nan,nan,nan,nan,nan,nan
1518189420000,nan,nan,nan,nan,nan,nan,nan,nan,nan,nan,nan
1518189480000,nan,nan,nan,nan,nan,nan,nan,nan,nan,nan,nan
1518189540000,nan,nan,nan,nan,nan,nan,nan,nan,nan,nan,nan
1518189600000,nan,nan,nan,nan,nan,nan,nan,nan,nan,nan,nan
1518189660000,nan,nan,nan,nan,nan,nan,nan,nan,nan,nan,nan
1518189720000,nan,nan,nan,nan,nan,nan,nan,nan,nan,nan,nan
1518189780000,nan,nan,nan,nan,nan,nan,nan,nan,nan,nan,nan
1518189840000,nan,nan,nan,nan,nan,nan,nan,nan,nan,nan,nan
1518189900000,nan,nan,nan,nan,nan,nan,nan,nan,nan,nan,nan
1518189960000,nan,nan,nan,nan,nan,nan,nan,nan,nan,nan,nan
1518190020000,nan,nan,nan,nan,nan,nan,nan,nan,nan,nan,nan
1518190080000,nan,nan,nan,nan,nan,nan,nan,nan,nan,nan,nan
1518190140000,nan,nan,nan,nan,nan,nan,nan,nan,nan,nan,nan
1518190200000,nan,nan,nan,nan,nan,nan,nan,nan,nan,nan,nan
1518190260000,nan,nan,nan,nan,nan,nan,nan,nan,nan,nan,nan
1518190320000,nan,nan,nan,nan,nan,nan,nan,nan,nan,nan,nan
1518190380000,nan,nan,nan,nan,nan,nan,nan,nan,nan,nan,nan
1518190440000,nan,nan,nan,nan,nan,nan,nan,nan,nan,nan,nan
1518190500000,nan,nan,nan,nan,nan,nan,nan,nan,nan,nan,nan
1518190560000,nan,nan,nan,nan,nan,nan,nan,nan,nan,nan,nan
1518190620000,nan,nan,nan,nan,nan,nan,nan,nan,nan,nan,nan
1518190680000,nan,nan,nan,nan,nan,nan,nan,nan,nan,nan,nan
1518190740000,nan,nan,nan,nan,nan,nan,nan,nan,nan,nan,nan
1518190800000,nan,nan,nan,nan,nan,nan,nan,nan,nan,nan,nan
1518190860000,nan,nan,nan,nan,nan,nan,nan,nan,nan,nan,nan
1518190920000,nan,nan,nan,nan,nan,nan,nan,nan,nan,nan,nan
1518190980000,nan,nan,nan,nan,nan,nan,nan,nan,nan,nan,nan
1518191040000,nan,nan,nan,nan,nan,nan,nan,nan,nan,nan,nan
1518191100000,nan,nan,nan,nan,nan,nan,nan,nan,nan,nan,nan
1518191160000,nan,nan,nan,nan,nan,nan,nan,nan,nan,nan,nan
1518191220000,nan,nan,nan,nan,nan,nan,nan,nan,nan,nan,nan
1518191280000,nan,nan,nan,nan,nan,nan,nan,nan,nan,nan,nan
1518191340000,nan,nan,nan,nan,nan,nan,nan,nan,nan,nan,nan
1518191400000,nan,nan,nan,nan,nan,nan,nan,nan,nan,nan,nan
1518191460000,nan,nan,nan,nan,nan,nan,nan,nan,nan,nan,nan
1518191520000,nan,nan,nan,nan,nan,nan,nan,nan,nan,nan,nan
1518191580000,nan,nan,nan,nan,nan,nan,nan,nan,nan,nan,nan
1518191640000,nan,nan,nan,nan,nan,nan,nan,nan,nan,nan,nan
1518191700000,nan,nan,nan,nan,nan,nan,nan,nan,nan,nan,nan
1518191760000,nan,nan,nan,nan,nan,nan,nan,nan,nan,nan,nan
1518191820000,nan,nan,nan,nan,nan,nan,nan,nan,nan,nan,nan
1518191880000,nan,nan,nan,nan,nan,nan,nan,nan,nan,nan,nan
1518191940000,nan,nan,nan,nan,nan,nan,nan,nan,nan,nan,nan
1518192000000,nan,nan,nan,nan,nan,nan,nan,nan,nan,nan,nan
1518192060000,nan,nan,nan,nan,nan,nan,nan,nan,nan,nan,nan
1518192120000,nan,nan,nan,nan,nan,nan,nan,nan,nan,nan,nan
1518192180000,nan,nan,nan,nan,nan,nan,nan,nan,nan,nan,nan
1518192240000,nan,nan,nan,nan,nan,nan,nan,nan,nan,nan,nan
1518192300000,nan,nan,nan,nan,nan,nan,nan,nan,nan,nan,nan
1518192360000,nan,nan,nan,nan,nan,nan,nan,nan,nan,nan,nan
1518192420000,nan,nan,nan,nan,nan,nan,nan,nan,nan,nan,nan
1518192480000,nan,nan,nan,nan,nan,nan,nan,nan,nan,nan,nan
1518192540000,nan,nan,nan,nan,nan,nan,nan,nan,nan,nan,nan
1518192600000,nan,nan,nan,nan,nan,nan,nan,nan,nan,nan,nan
1518192660000,nan,nan,nan,nan,nan,nan,nan,nan,nan,nan,nan
1518192720000,nan,nan,nan,nan,nan,nan,nan,nan,nan,nan,nan
1518192780000,nan,nan,nan,nan,nan,nan,nan,nan,nan,nan,nan
1518192840000,nan,nan,nan,nan,nan,nan,nan,nan,nan,nan,nan
1518192900000,nan,nan,nan,nan,nan,nan,nan,nan,nan,nan,nan
1518192960000,nan,nan,nan,nan,nan,nan,nan,nan,nan,nan,nan
1518193020000,nan,nan,nan,nan,nan,nan,nan,nan,nan,nan,nan
1518193080000,nan,nan,nan,nan,nan,nan,nan,nan,nan,nan,nan
1518193140000,nan,nan,nan,nan,nan,nan,nan,nan,nan,nan,nan
1518193200000,nan,nan,nan,nan,nan,nan,nan,nan,nan,nan,nan
1518193260000,nan,nan,nan,nan,nan,nan,nan,nan,nan,nan,nan
1518193320000,nan,nan,nan,nan,nan,nan,nan,nan,nan,nan,nan
1518193380000,nan,nan,nan,nan,nan,nan,nan,nan,nan,nan,nan
1518193440000,nan,nan,nan,nan,nan,nan,nan,nan,nan,nan,nan
1518193500000,nan,nan,nan,nan,nan,nan,nan,nan,nan,nan,nan
1518193560000,nan,nan,nan,nan,nan,nan,nan,nan,nan,nan,nan
1518193620000,nan,nan,nan,nan,nan,nan,nan,nan,nan,nan,nan
1518193680000,nan,nan,nan,nan,nan,nan,nan,nan,nan,nan,nan
1518193740000,nan,nan,nan,nan,nan,nan,nan,nan,nan,nan,nan
1518193800000,nan,nan,nan,nan,nan,nan,nan,nan,nan,nan,nan
1518193860000,nan,nan,nan,nan,nan,nan,nan,nan,nan,nan,nan
1518193920000,nan,nan,nan,nan,nan,nan,nan,nan,nan,nan,nan
1518193980000,nan,nan,nan,nan,nan,nan,nan,nan,nan,nan,nan
1518194040000,nan,nan,nan,nan,nan,nan,nan,nan,nan,nan,nan
1518194100000,nan,nan,nan,nan,nan,nan,nan,nan,nan,nan,nan
1518194160000,nan,nan,nan,nan,nan,nan,nan,nan,nan,nan,nan
1518194220000,nan,nan,nan,nan,nan,nan,nan,nan,nan,nan,nan
1518194280000,nan,nan,nan,nan,nan,nan,nan,nan,nan,nan,nan
1518194340000,nan,nan,nan,nan,nan,nan,nan,nan,nan,nan,nan
1518194400000,nan,nan,nan,nan,nan,nan,nan,nan,nan,nan,nan
1518194460000,nan,nan,nan,nan,nan,nan,nan,nan,nan,nan,nan
1518194520000,nan,nan,nan,nan,nan,nan,nan,nan,nan,nan,nan
1518194580000,nan,nan,nan,nan,nan,nan,nan,nan,nan,nan,nan
1518194640000,nan,nan,nan,nan,nan,nan,nan,nan,nan,nan,nan
1518194700000,nan,nan,nan,nan,nan,nan,nan,nan,nan,nan,nan
1518194760000,nan,nan,nan,nan,nan,nan,nan,nan,nan,nan,nan
1518194820000,nan,nan,nan,nan,nan,nan,nan,nan,nan,nan,nan
1518194880000,nan,nan,nan,nan,nan,nan,nan,nan,nan,nan,nan
1518194940000,nan,nan,nan,nan,nan,nan,nan,nan,nan,nan,nan
1518195000000,nan,nan,nan,nan,nan,nan,nan,nan,nan,nan,nan
1518195060000,nan,nan,nan,nan,nan,nan,nan,nan,nan,nan,nan
1518195120000,nan,nan,nan,nan,nan,nan,nan,nan,nan,nan,nan
1518195180000,nan,nan,nan,nan,nan,nan,nan,nan,nan,nan,nan
1518195240000,nan,nan,nan,nan,nan,nan,nan,nan,nan,nan,nan
1518195300000,nan,nan,nan,nan,nan,nan,nan,nan,nan,nan,nan
1518195360000,nan,nan,nan,nan,nan,nan,nan,nan,nan,nan,nan
1518195420000,nan,nan,nan,nan,nan,nan,nan,nan,nan,nan,nan
1518195480000,nan,nan,nan,nan,nan,nan,nan,nan,nan,nan,nan
1518195540000,nan,nan,nan,nan,nan,nan,nan,nan,nan,nan,nan
1518195600000,nan,nan,nan,nan,nan,nan,nan,nan,nan,nan,nan
1518195660000,nan,nan,nan,nan,nan,nan,nan,nan,nan,nan,nan
1518195720000,nan,nan,nan,nan,nan,nan,nan,nan,nan,nan,nan
1518195780000,nan,nan,nan,nan,nan,nan,nan,nan,nan,nan,nan
1518195840000,nan,nan,nan,nan,nan,nan,nan,nan,nan,nan,nan
1518195900000,nan,nan,nan,nan,nan,nan,nan,nan,nan,nan,nan
1518195960000,nan,nan,nan,nan,nan,nan,nan,nan,nan,nan,nan
1518196020000,nan,nan,nan,nan,nan,nan,nan,nan,nan,nan,nan
1518196080000,nan,nan,nan,nan,nan,nan,nan,nan,nan,nan,nan
1518196140000,nan,nan,nan,nan,nan,nan,nan,nan,nan,nan,nan
1518196200000,nan,nan,nan,nan,nan,nan,nan,nan,nan,nan,nan
1518196260000,nan,nan,nan,nan,nan,nan,nan,nan,nan,nan,nan
1518196320000,nan,nan,nan,nan,nan,nan,nan,nan,nan,nan,nan
1518196380000,nan,nan,nan,nan,nan,nan,nan,nan,nan,nan,nan
1518196440000,nan,nan,nan,nan,nan,nan,nan,nan,nan,nan,nan
1518196500000,nan,nan,nan,nan,nan,nan,nan,nan,nan,nan,nan
1518196560000,nan,nan,nan,nan,nan,nan,nan,nan,nan,nan,nan
1518196620000,nan,nan,nan,nan,nan,nan,nan,nan,nan,nan,nan
1518196680000,nan,nan,nan,nan,nan,nan,nan,nan,nan,nan,nan
1518196740000,nan,nan,nan,nan,nan,nan,nan,nan,nan,nan,nan
1518196800000,nan,nan,nan,nan,nan,nan,nan,nan,nan,nan,nan
1518196860000,nan,nan,nan,nan,nan,nan,nan,nan,nan,nan,nan
1518196920000,nan,nan,nan,nan,nan,nan,nan,nan,nan,nan,nan
1518196980000,nan,nan,nan,nan,nan,nan,nan,nan,nan,nan,nan
1518197040000,nan,nan,nan,nan,nan,nan,nan,nan,nan,nan,nan
1518197100000,nan,nan,nan,nan,nan,nan,nan,nan,nan,nan,nan
1518197160000,nan,nan,nan,nan,nan,nan,nan,nan,nan,nan,nan
1518197220000,nan,nan,nan,nan,nan,nan,nan,nan,nan,nan,nan
1518197280000,nan,nan,nan,nan,nan,nan,nan,nan,nan,nan,nan
1518197340000,nan,nan,nan,nan,nan,nan,nan,nan,nan,nan,nan
1518197400000,nan,nan,nan,nan,nan,nan,nan,nan,nan,nan,nan
1518197460000,nan,nan,nan,nan,nan,nan,nan,nan,nan,nan,nan
1518197520000,nan,nan,nan,nan,nan,nan,nan,nan,nan,nan,nan
1518197580000,nan,nan,nan,nan,nan,nan,nan,nan,nan,nan,nan
1518197640000,nan,nan,nan,nan,nan,nan,nan,nan,nan,nan,nan
1518197700000,nan,nan,nan,nan,nan,nan,nan,nan,nan,nan,nan
1518197760000,nan,nan,nan,nan,nan,nan,nan,nan,nan,nan,nan
1518197820000,nan,nan,nan,nan,nan,nan,nan,nan,nan,nan,nan
1518197880000,nan,nan,nan,nan,nan,nan,nan,nan,nan,nan,nan
1518197940000,nan,nan,nan,nan,nan,nan,nan,nan,nan,nan,nan
1518198000000,nan,nan,nan,nan,nan,nan,nan,nan,nan,nan,nan
1518198060000,nan,nan,nan,nan,nan,nan,nan,nan,nan,nan,nan
1518198120000,nan,nan,nan,nan,nan,nan,nan,nan,nan,nan,nan
1518198180000,nan,nan,nan,nan,nan,nan,nan,nan,nan,nan,nan
1518198240000,nan,nan,nan,nan,nan,nan,nan,nan,nan,nan,nan
1518198300000,nan,nan,nan,nan,nan,nan,nan,nan,nan,nan,nan
1518198360000,nan,nan,nan,nan,nan,nan,nan,nan,nan,nan,nan
1518198420000,nan,nan,nan,nan,nan,nan,nan,nan,nan,nan,nan
1518198480000,nan,nan,nan,nan,nan,nan,nan,nan,nan,nan,nan
1518198540000,nan,nan,nan,nan,nan,nan,nan,nan,nan,nan,nan
1518198600000,nan,nan,nan,nan,nan,nan,nan,nan,nan,nan,nan
1518198660000,nan,nan,nan,nan,nan,nan,nan,nan,nan,nan,nan
1518198720000,nan,nan,nan,nan,nan,nan,nan,nan,nan,nan,nan
1518198780000,nan,nan,nan,nan,nan,nan,nan,nan,nan,nan,nan
1518198840000,nan,nan,nan,nan,nan,nan,nan,nan,nan,nan,nan
1518198900000,nan,nan,nan,nan,nan,nan,nan,nan,nan,nan,nan
1518198960000,nan,nan,nan,nan,nan,nan,nan,nan,nan,nan,nan
1518199020000,nan,nan,nan,nan,nan,nan,nan,nan,nan,nan,nan
1518199080000,nan,nan,nan,nan,nan,nan,nan,nan,nan,nan,nan
1518199140000,nan,nan,nan,nan,nan,nan,nan,nan,nan,nan,nan
1518199200000,nan,nan,nan,nan,nan,nan,nan,nan,nan,nan,nan
1518199260000,nan,nan,nan,nan,nan,nan,nan,nan,nan,nan,nan
1518199320000,nan,nan,nan,nan,nan,nan,nan,nan,nan,nan,nan
1518199380000,nan,nan,nan,nan,nan,nan,nan,nan,nan,nan,nan
1518199440000,nan,nan,nan,nan,nan,nan,nan,nan,nan,nan,nan
1518199500000,nan,nan,nan,nan,nan,nan,nan,nan,nan,nan,nan
1518199560000,nan,nan,nan,nan,nan,nan,nan,nan,nan,nan,nan
1518199620000,nan,nan,nan,nan,nan,nan,nan,nan,nan,nan,nan
1518199680000,nan,nan,nan,nan,nan,nan,nan,nan,nan,nan,nan
1518199740000,nan,nan,nan,nan,nan,nan,nan,nan,nan,nan,nan
1518199800000,nan,nan,nan,nan,nan,nan,nan,nan,nan,nan,nan
1518199860000,nan,nan,nan,nan,nan,nan,nan,nan,nan,nan,nan
1518199920000,nan,nan,nan,nan,nan,nan,nan,nan,nan,nan,nan
1518199980000,nan,nan,nan,nan,nan,nan,nan,nan,nan,nan,nan
1518200040000,nan,nan,nan,nan,nan,nan,nan,nan,nan,nan,nan
1518200100000,nan,nan,nan,nan,nan,nan,nan,nan,nan,nan,nan
1518200160000,nan,nan,nan,nan,nan,nan,nan,nan,nan,nan,nan
1518200220000,nan,nan,nan,nan,nan,nan,nan,nan,nan,nan,nan
1518200280000,nan,nan,nan,nan,nan,nan,nan,nan,nan,nan,nan
1518200340000,nan,nan,nan,nan,nan,nan,nan,nan,nan,nan,nan
1518200400000,nan,nan,nan,nan,nan,nan,nan,nan,nan,nan,nan
1518200460000,nan,nan,nan,nan,nan,nan,nan,nan,nan,nan,nan
1518200520000,nan,nan,nan,nan,nan,nan,nan,nan,nan,nan,nan
1518200580000,nan,nan,nan,nan,nan,nan,nan,nan,nan,nan,nan
1518200640000,nan,nan,nan,nan,nan,nan,nan,nan,nan,nan,nan
1518200700000,nan,nan,nan,nan,nan,nan,nan,nan,nan,nan,nan
1518200760000,nan,nan,nan,nan,nan,nan,nan,nan,nan,nan,nan
1518200820000,nan,nan,nan,nan,nan,nan,nan,nan,nan,nan,nan
1518200880000,nan,nan,nan,nan,nan,nan,nan,nan,nan,nan,nan
1518200940000,nan,nan,nan,nan,nan,nan,nan,nan,nan,nan,nan
1518201000000,nan,nan,nan,nan,nan,nan,nan,nan,nan,nan,nan
1518201060000,nan,nan,nan,nan,nan,nan,nan,nan,nan,nan,nan
1518201120000,nan,nan,nan,nan,nan,nan,nan,nan,nan,nan,nan
1518201180000,nan,nan,nan,nan,nan,nan,nan,nan,nan,nan,nan
1518201240000,nan,nan,nan,nan,nan,nan,nan,nan,nan,nan,nan
1518201300000,nan,nan,nan,nan,nan,nan,nan,nan,nan,nan,nan
1518201360000,nan,nan,nan,nan,nan,nan,nan,nan,nan,nan,nan
1518201420000,nan,nan,nan,nan,nan,nan,nan,nan,nan,nan,nan
1518201480000,nan,nan,nan,nan,nan,nan,nan,nan,nan,nan,nan
1518201540000,nan,nan,nan,nan,nan,nan,nan,nan,nan,nan,nan
1518201600000,nan,nan,nan,nan,nan,nan,nan,nan,nan,nan,nan
1518201660000,nan,nan,nan,nan,nan,nan,nan,nan,nan,nan,nan
1518201720000,nan,nan,nan,nan,nan,nan,nan,nan,nan,nan,nan
1518201780000,nan,nan,nan,nan,nan,nan,nan,nan,nan,nan,nan
1518201840000,nan,nan,nan,nan,nan,nan,nan,nan,nan,nan,nan
1518201900000,nan,nan,nan,nan,nan,nan,nan,nan,nan,nan,nan
1518201960000,nan,nan,nan,nan,nan,nan,nan,nan,nan,nan,nan
1518202020000,nan,nan,nan,nan,nan,nan,nan,nan,nan,nan,nan
1518202080000,nan,nan,nan,nan,nan,nan,nan,nan,nan,nan,nan
1518202140000,nan,nan,nan,nan,nan,nan,nan,nan,nan,nan,nan
1518202200000,nan,nan,nan,nan,nan,nan,nan,nan,nan,nan,nan
1518202260000,nan,nan,nan,nan,nan,nan,nan,nan,nan,nan,nan
1518202320000,nan,nan,nan,nan,nan,nan,nan,nan,nan,nan,nan
1518202380000,nan,nan,nan,nan,nan,nan,nan,nan,nan,nan,nan
1518202440000,nan,nan,nan,nan,nan,nan,nan,nan,nan,nan,nan
1518202500000,nan,nan,nan,nan,nan,nan,nan,nan,nan,nan,nan
1518202560000,nan,nan,nan,nan,nan,nan,nan,nan,nan,nan,nan
1518202620000,nan,nan,nan,nan,nan,nan,nan,nan,nan,nan,nan
1518202680000,nan,nan,nan,nan,nan,nan,nan,nan,nan,nan,nan
1518202740000,nan,nan,nan,nan,nan,nan,nan,nan,nan,nan,nan
1518202800000,nan,nan,nan,nan,nan,nan,nan,nan,nan,nan,nan
1518202860000,nan,nan,nan,nan,nan,nan,nan,nan,nan,nan,nan
1518202920000,nan,nan,nan,nan,nan,nan,nan,nan,nan,nan,nan
1518202980000,nan,nan,nan,nan,nan,nan,nan,nan,nan,nan,nan
1518203040000,nan,nan,nan,nan,nan,nan,nan,nan,nan,nan,nan
1518203100000,nan,nan,nan,nan,nan,nan,nan,nan,nan,nan,nan
1518203160000,nan,nan,nan,nan,nan,nan,nan,nan,nan,nan,nan
1518203220000,nan,nan,nan,nan,nan,nan,nan,nan,nan,nan,nan
1518203280000,nan,nan,nan,nan,nan,nan,nan,nan,nan,nan,nan
1518203340000,nan,nan,nan,nan,nan,nan,nan,nan,nan,nan,nan
1518203400000,nan,nan,nan,nan,nan,nan,nan,nan,nan,nan,nan
1518203460000,nan,nan,nan,nan,nan,nan,nan,nan,nan,nan,nan
1518203520000,nan,nan,nan,nan,nan,nan,nan,nan,nan,nan,nan
1518203580000,nan,nan,nan,nan,nan,nan,nan,nan,nan,nan,nan
1518203640000,nan,nan,nan,nan,nan,nan,nan,nan,nan,nan,nan
1518203700000,nan,nan,nan,nan,nan,nan,nan,nan,nan,nan,nan
1518203760000,nan,nan,nan,nan,nan,nan,nan,nan,nan,nan,nan
1518203820000,nan,nan,nan,nan,nan,nan,nan,nan,nan,nan,nan
1518203880000,nan,nan,nan,nan,nan,nan,nan,nan,nan,nan,nan
1518203940000,nan,nan,nan,nan,nan,nan,nan,nan,nan,nan,nan
1518204000000,nan,nan,nan,nan,nan,nan,nan,nan,nan,nan,nan
1518204060000,nan,nan,nan,nan,nan,nan,nan,nan,nan,nan,nan
1518204120000,nan,nan,nan,nan,nan,nan,nan,nan,nan,nan,nan
1518204180000,nan,nan,nan,nan,nan,nan,nan,nan,nan,nan,nan
1518204240000,nan,nan,nan,nan,nan,nan,nan,nan,nan,nan,nan
1518204300000,nan,nan,nan,nan,nan,nan,nan,nan,nan,nan,nan
1518204360000,nan,nan,nan,nan,nan,nan,nan,nan,nan,nan,nan
1518204420000,nan,nan,nan,nan,nan,nan,nan,nan,nan,nan,nan
1518204480000,nan,nan,nan,nan,nan,nan,nan,nan,nan,nan,nan
1518204540000,nan,nan,nan,nan,nan,nan,nan,nan,nan,nan,nan
1518204600000,nan,nan,nan,nan,nan,nan,nan,nan,nan,nan,nan
1518204660000,nan,nan,nan,nan,nan,nan,nan,nan,nan,nan,nan
1518204720000,nan,nan,nan,nan,nan,nan,nan,nan,nan,nan,nan
1518204780000,nan,nan,nan,nan,nan,nan,nan,nan,nan,nan,nan
1518204840000,nan,nan,nan,nan,nan,nan,nan,nan,nan,nan,nan
1518204900000,nan,nan,nan,nan,nan,nan,nan,nan,nan,nan,nan
1518204960000,nan,nan,nan,nan,nan,nan,nan,nan,nan,nan,nan
1518205020000,nan,nan,nan,nan,nan,nan,nan,nan,nan,nan,nan
1518205080000,nan,nan,nan,nan,nan,nan,nan,nan,nan,nan,nan
1518205140000,nan,nan,nan,nan,nan,nan,nan,nan,nan,nan,nan
1518205200000,nan,nan,nan,nan,nan,nan,nan,nan,nan,nan,nan
1518205260000,nan,nan,nan,nan,nan,nan,nan,nan,nan,nan,nan
1518205320000,nan,nan,nan,nan,nan,nan,nan,nan,nan,nan,nan
1518205380000,nan,nan,nan,nan,nan,nan,nan,nan,nan,nan,nan
1518205440000,nan,nan,nan,nan,nan,nan,nan,nan,nan,nan,nan
1518205500000,nan,nan,nan,nan,nan,nan,nan,nan,nan,nan,nan
1518205560000,nan,nan,nan,nan,nan,nan,nan,nan,nan,nan,nan
1518205620000,nan,nan,nan,nan,nan,nan,nan,nan,nan,nan,nan
1518205680000,nan,nan,nan,nan,nan,nan,nan,nan,nan,nan,nan
1518205740000,nan,nan,nan,nan,nan,nan,nan,nan,nan,nan,nan
1518205800000,nan,nan,nan,nan,nan,nan,nan,nan,nan,nan,nan
1518205860000,nan,nan,nan,nan,nan,nan,nan,nan,nan,nan,nan
1518205920000,nan,nan,nan,nan,nan,nan,nan,nan,nan,nan,nan
1518205980000,nan,nan,nan,nan,nan,nan,nan,nan,nan,nan,nan
1518206040000,nan,nan,nan,nan,nan,nan,nan,nan,nan,nan,nan
1518206100000,nan,nan,nan,nan,nan,nan,nan,nan,nan,nan,nan
1518206160000,nan,nan,nan,nan,nan,nan,nan,nan,nan,nan,nan
1518206220000,nan,nan,nan,nan,nan,nan,nan,nan,nan,nan,nan
1518206280000,nan,nan,nan,nan,nan,nan,nan,nan,nan,nan,nan
1518206340000,nan,nan,nan,nan,nan,nan,nan,nan,nan,nan,nan
1518206400000,nan,nan,nan,nan,nan,nan,nan,nan,nan,nan,nan
1518206460000,nan,nan,nan,nan,nan,nan,nan,nan,nan,nan,nan
1518206520000,nan,nan,nan,nan,nan,nan,nan,nan,nan,nan,nan
1518206580000,nan,nan,nan,nan,nan,nan,nan,nan,nan,nan,nan
1518206640000,nan,nan,nan,nan,nan,nan,nan,nan,nan,nan,nan
1518206700000,nan,nan,nan,nan,nan,nan,nan,nan,nan,nan,nan
1518206760000,nan,nan,nan,nan,nan,nan,nan,nan,nan,nan,nan
1518206820000,nan,nan,nan,nan,nan,nan,nan,nan,nan,nan,nan
1518206880000,nan,nan,nan,nan,nan,nan,nan,nan,nan,nan,nan
1518206940000,nan,nan,nan,nan,nan,nan,nan,nan,nan,nan,nan
1518207000000,nan,nan,nan,nan,nan,nan,nan,nan,nan,nan,nan
1518207060000,nan,nan,nan,nan,nan,nan,nan,nan,nan,nan,nan
1518207120000,nan,nan,nan,nan,nan,nan,nan,nan,nan,nan,nan
1518207180000,nan,nan,nan,nan,nan,nan,nan,nan,nan,nan,nan
1518207240000,nan,nan,nan,nan,nan,nan,nan,nan,nan,nan,nan
1518207300000,nan,nan,nan,nan,nan,nan,nan,nan,nan,nan,nan
1518207360000,nan,nan,nan,nan,nan,nan,nan,nan,nan,nan,nan
1518207420000,nan,nan,nan,nan,nan,nan,nan,nan,nan,nan,nan
1518207480000,nan,nan,nan,nan,nan,nan,nan,nan,nan,nan,nan
1518207540000,nan,nan,nan,nan,nan,nan,nan,nan,nan,nan,nan
1518207600000,nan,nan,nan,nan,nan,nan,nan,nan,nan,nan,nan
1518207660000,nan,nan,nan,nan,nan,nan,nan,nan,nan,nan,nan
1518207720000,nan,nan,nan,nan,nan,nan,nan,nan,nan,nan,nan
1518207780000,nan,nan,nan,nan,nan,nan,nan,nan,nan,nan,nan
1518207840000,nan,nan,nan,nan,nan,nan,nan,nan,nan,nan,nan
1518207900000,nan,nan,nan,nan,nan,nan,nan,nan,nan,nan,nan
1518207960000,nan,nan,nan,nan,nan,nan,nan,nan,nan,nan,nan
1518208020000,nan,nan,nan,nan,nan,nan,nan,nan,nan,nan,nan
1518208080000,nan,nan,nan,nan,nan,nan,nan,nan,nan,nan,nan
1518208140000,nan,nan,nan,nan,nan,nan,nan,nan,nan,nan,nan
1518208200000,nan,nan,nan,nan,nan,nan,nan,nan,nan,nan,nan
1518208260000,nan,nan,nan,nan,nan,nan,nan,nan,nan,nan,nan
1518208320000,nan,nan,nan,nan,nan,nan,nan,nan,nan,nan,nan
1518208380000,nan,nan,nan,nan,nan,nan,nan,nan,nan,nan,nan
1518208440000,nan,nan,nan,nan,nan,nan,nan,nan,nan,nan,nan
1518208500000,nan,nan,nan,nan,nan,nan,nan,nan,nan,nan,nan
1518208560000,nan,nan,nan,nan,nan,nan,nan,nan,nan,nan,nan
1518208620000,nan,nan,nan,nan,nan,nan,nan,nan,nan,nan,nan
1518208680000,nan,nan,nan,nan,nan,nan,nan,nan,nan,nan,nan
1518208740000,nan,nan,nan,nan,nan,nan,nan,nan,nan,nan,nan
1518208800000,nan,nan,nan,nan,nan,nan,nan,nan,nan,nan,nan
1518208860000,nan,nan,nan,nan,nan,nan,nan,nan,nan,nan,nan
1518208920000,nan,nan,nan,nan,nan,nan,nan,nan,nan,nan,nan
1518208980000,nan,nan,nan,nan,nan,nan,nan,nan,nan,nan,nan
1518209040000,nan,nan,nan,nan,nan,nan,nan,nan,nan,nan,nan
1518209100000,nan,nan,nan,nan,nan,nan,nan,nan,nan,nan,nan
1518209160000,nan,nan,nan,nan,nan,nan,nan,nan,nan,nan,nan
1518209220000,nan,nan,nan,nan,nan,nan,nan,nan,nan,nan,nan
1518209280000,nan,nan,nan,nan,nan,nan,nan,nan,nan,nan,nan
1518209340000,nan,nan,nan,nan,nan,nan,nan,nan,nan,nan,nan
1518209400000,nan,nan,nan,nan,nan,nan,nan,nan,nan,nan,nan
1518209460000,nan,nan,nan,nan,nan,nan,nan,nan,nan,nan,nan
1518209520000,nan,nan,nan,nan,nan,nan,nan,nan,nan,nan,nan
1518209580000,nan,nan,nan,nan,nan,nan,nan,nan,nan,nan,nan
1518209640000,nan,nan,nan,nan,nan,nan,nan,nan,nan,nan,nan
1518209700000,nan,nan,nan,nan,nan,nan,nan,nan,nan,nan,nan
1518209760000,nan,nan,nan,nan,nan,nan,nan,nan,nan,nan,nan
1518209820000,nan,nan,nan,nan,nan,nan,nan,nan,nan,nan,nan
1518209880000,nan,nan,nan,nan,nan,nan,nan,nan,nan,nan,nan
1518209940000,nan,nan,nan,nan,nan,nan,nan,nan,nan,nan,nan
1518210000000,nan,nan,nan,nan,nan,nan,nan,nan,nan,nan,nan
1518210060000,nan,nan,nan,nan,nan,nan,nan,nan,nan,nan,nan
1518210120000,nan,nan,nan,nan,nan,nan,nan,nan,nan,nan,nan
1518210180000,nan,nan,nan,nan,nan,nan,nan,nan,nan,nan,nan
1518210240000,nan,nan,nan,nan,nan,nan,nan,nan,nan,nan,nan
1518210300000,nan,nan,nan,nan,nan,nan,nan,nan,nan,nan,nan
1518210360000,nan,nan,nan,nan,nan,nan,nan,nan,nan,nan,nan
1518210420000,nan,nan,nan,nan,nan,nan,nan,nan,nan,nan,nan
1518210480000,nan,nan,nan,nan,nan,nan,nan,nan,nan,nan,nan
1518210540000,nan,nan,nan,nan,nan,nan,nan,nan,nan,nan,nan
1518210600000,nan,nan,nan,nan,nan,nan,nan,nan,nan,nan,nan
1518210660000,nan,nan,nan,nan,nan,nan,nan,nan,nan,nan,nan
1518210720000,nan,nan,nan,nan,nan,nan,nan,nan,nan,nan,nan
1518210780000,nan,nan,nan,nan,nan,nan,nan,nan,nan,nan,nan
1518210840000,nan,nan,nan,nan,nan,nan,nan,nan,nan,nan,nan
1518210900000,nan,nan,nan,nan,nan,nan,nan,nan,nan,nan,nan
1518210960000,nan,nan,nan,nan,nan,nan,nan,nan,nan,nan,nan
1518211020000,nan,nan,nan,nan,nan,nan,nan,nan,nan,nan,nan
1518211080000,nan,nan,nan,nan,nan,nan,nan,nan,nan,nan,nan
1518211140000,nan,nan,nan,nan,nan,nan,nan,nan,nan,nan,nan
1518211200000,nan,nan,nan,nan,nan,nan,nan,nan,nan,nan,nan
1518211260000,nan,nan,nan,nan,nan,nan,nan,nan,nan,nan,nan
1518211320000,nan,nan,nan,nan,nan,nan,nan,nan,nan,nan,nan
1518211380000,nan,nan,nan,nan,nan,nan,nan,nan,nan,nan,nan
1518211440000,nan,nan,nan,nan,nan,nan,nan,nan,nan,nan,nan
1518211500000,nan,nan,nan,nan,nan,nan,nan,nan,nan,nan,nan
1518211560000,nan,nan,nan,nan,nan,nan,nan,nan,nan,nan,nan
1518211620000,nan,nan,nan,nan,nan,nan,nan,nan,nan,nan,nan
1518211680000,nan,nan,nan,nan,nan,nan,nan,nan,nan,nan,nan
1518211740000,nan,nan,nan,nan,nan,nan,nan,nan,nan,nan,nan
1518211800000,nan,nan,nan,nan,nan,nan,nan,nan,nan,nan,nan
1518211860000,nan,nan,nan,nan,nan,nan,nan,nan,nan,nan,nan
1518211920000,nan,nan,nan,nan,nan,nan,nan,nan,nan,nan,nan
1518211980000,nan,nan,nan,nan,nan,nan,nan,nan,nan,nan,nan
1518212040000,nan,nan,nan,nan,nan,nan,nan,nan,nan,nan,nan
1518212100000,nan,nan,nan,nan,nan,nan,nan,nan,nan,nan,nan
1518212160000,nan,nan,nan,nan,nan,nan,nan,nan,nan,nan,nan
1518212220000,nan,nan,nan,nan,nan,nan,nan,nan,nan,nan,nan
1518212280000,nan,nan,nan,nan,nan,nan,nan,nan,nan,nan,nan
1518212340000,nan,nan,nan,nan,nan,nan,nan,nan,nan,nan,nan
1518212400000,nan,nan,nan,nan,nan,nan,nan,nan,nan,nan,nan
1518212460000,nan,nan,nan,nan,nan,nan,nan,nan,nan,nan,nan
1518212520000,nan,nan,nan,nan,nan,nan,nan,nan,nan,nan,nan
1518212580000,nan,nan,nan,nan,nan,nan,nan,nan,nan,nan,nan
1518212640000,nan,nan,nan,nan,nan,nan,nan,nan,nan,nan,nan
1518212700000,nan,nan,nan,nan,nan,nan,nan,nan,nan,nan,nan
1518212760000,nan,nan,nan,nan,nan,nan,nan,nan,nan,nan,nan
1518212820000,nan,nan,nan,nan,nan,nan,nan,nan,nan,nan,nan
1518212880000,nan,nan,nan,nan,nan,nan,nan,nan,nan,nan,nan
1518212940000,nan,nan,nan,nan,nan,nan,nan,nan,nan,nan,nan
1518213000000,nan,nan,nan,nan,nan,nan,nan,nan,nan,nan,nan
1518213060000,nan,nan,nan,nan,nan,nan,nan,nan,nan,nan,nan
1518213120000,nan,nan,nan,nan,nan,nan,nan,nan,nan,nan,nan
1518213180000,nan,nan,nan,nan,nan,nan,nan,nan,nan,nan,nan
1518213240000,nan,nan,nan,nan,nan,nan,nan,nan,nan,nan,nan
1518213300000,nan,nan,nan,nan,nan,nan,nan,nan,nan,nan,nan
1518213360000,nan,nan,nan,nan,nan,nan,nan,nan,nan,nan,nan
1518213420000,nan,nan,nan,nan,nan,nan,nan,nan,nan,nan,nan
1518213480000,nan,nan,nan,nan,nan,nan,nan,nan,nan,nan,nan
1518213540000,nan,nan,nan,nan,nan,nan,nan,nan,nan,nan,nan
1518213600000,nan,nan,nan,nan,nan,nan,nan,nan,nan,nan,nan
1518213660000,nan,nan,nan,nan,nan,nan,nan,nan,nan,nan,nan
1518213720000,nan,nan,nan,nan,nan,nan,nan,nan,nan,nan,nan
1518213780000,nan,nan,nan,nan,nan,nan,nan,nan,nan,nan,nan
1518213840000,nan,nan,nan,nan,nan,nan,nan,nan,nan,nan,nan
1518213900000,nan,nan,nan,nan,nan,nan,nan,nan,nan,nan,nan
1518213960000,nan,nan,nan,nan,nan,nan,nan,nan,nan,nan,nan
1518214020000,nan,nan,nan,nan,nan,nan,nan,nan,nan,nan,nan
1518214080000,nan,nan,nan,nan,nan,nan,nan,nan,nan,nan,nan
1518214140000,nan,nan,nan,nan,nan,nan,nan,nan,nan,nan,nan
1518214200000,nan,nan,nan,nan,nan,nan,nan,nan,nan,nan,nan
1518214260000,nan,nan,nan,nan,nan,nan,nan,nan,nan,nan,nan
1518214320000,nan,nan,nan,nan,nan,nan,nan,nan,nan,nan,nan
1518214380000,nan,nan,nan,nan,nan,nan,nan,nan,nan,nan,nan
1518214440000,nan,nan,nan,nan,nan,nan,nan,nan,nan,nan,nan
1518214500000,nan,nan,nan,nan,nan,nan,nan,nan,nan,nan,nan
1518214560000,nan,nan,nan,nan,nan,nan,nan,nan,nan,nan,nan
1518214620000,nan,nan,nan,nan,nan,nan,nan,nan,nan,nan,nan
1518214680000,nan,nan,nan,nan,nan,nan,nan,nan,nan,nan,nan
1518214740000,nan,nan,nan,nan,nan,nan,nan,nan,nan,nan,nan
1518214800000,nan,nan,nan,nan,nan,nan,nan,nan,nan,nan,nan
1518214860000,nan,nan,nan,nan,nan,nan,nan,nan,nan,nan,nan
1518214920000,nan,nan,nan,nan,nan,nan,nan,nan,nan,nan,nan
1518214980000,nan,nan,nan,nan,nan,nan,nan,nan,nan,nan,nan
1518215040000,nan,nan,nan,nan,nan,nan,nan,nan,nan,nan,nan
1518215100000,nan,nan,nan,nan,nan,nan,nan,nan,nan,nan,nan
1518215160000,nan,nan,nan,nan,nan,nan,nan,nan,nan,nan,nan
1518215220000,nan,nan,nan,nan,nan,nan,nan,nan,nan,nan,nan
1518215280000,nan,nan,nan,nan,nan,nan,nan,nan,nan,nan,nan
1518215340000,nan,nan,nan,nan,nan,nan,nan,nan,nan,nan,nan
1518215400000,nan,nan,nan,nan,nan,nan,nan,nan,nan,nan,nan
1518215460000,nan,nan,nan,nan,nan,nan,nan,nan,nan,nan,nan
1518215520000,nan,nan,nan,nan,nan,nan,nan,nan,nan,nan,nan
1518215580000,nan,nan,nan,nan,nan,nan,nan,nan,nan,nan,nan
1518215640000,nan,nan,nan,nan,nan,nan,nan,nan,nan,nan,nan
1518215700000,nan,nan,nan,nan,nan,nan,nan,nan,nan,nan,nan
1518215760000,nan,nan,nan,nan,nan,nan,nan,nan,nan,nan,nan
1518215820000,nan,nan,nan,nan,nan,nan,nan,nan,nan,nan,nan
1518215880000,nan,nan,nan,nan,nan,nan,nan,nan,nan,nan,nan
1518215940000,nan,nan,nan,nan,nan,nan,nan,nan,nan,nan,nan
1518216000000,nan,nan,nan,nan,nan,nan,nan,nan,nan,nan,nan
1518216060000,nan,nan,nan,nan,nan,nan,nan,nan,nan,nan,nan
1518216120000,nan,nan,nan,nan,nan,nan,nan,nan,nan,nan,nan
1518216180000,nan,nan,nan,nan,nan,nan,nan,nan,nan,nan,nan
1518216240000,nan,nan,nan,nan,nan,nan,nan,nan,nan,nan,nan
1518216300000,nan,nan,nan,nan,nan,nan,nan,nan,nan,nan,nan
1518216360000,nan,nan,nan,nan,nan,nan,nan,nan,nan,nan,nan
1518216420000,nan,nan,nan,nan,nan,nan,nan,nan,nan,nan,nan
1518216480000,nan,nan,nan,nan,nan,nan,nan,nan,nan,nan,nan
1518216540000,nan,nan,nan,nan,nan,nan,nan,nan,nan,nan,nan
1518216600000,nan,nan,nan,nan,nan,nan,nan,nan,nan,nan,nan
1518216660000,nan,nan,nan,nan,nan,nan,nan,nan,nan,nan,nan
1518216720000,nan,nan,nan,nan,nan,nan,nan,nan,nan,nan,nan
1518216780000,nan,nan,nan,nan,nan,nan,nan,nan,nan,nan,nan
1518216840000,nan,nan,nan,nan,nan,nan,nan,nan,nan,nan,nan
1518216900000,nan,nan,nan,nan,nan,nan,nan,nan,nan,nan,nan
1518216960000,nan,nan,nan,nan,nan,nan,nan,nan,nan,nan,nan
1518217020000,nan,nan,nan,nan,nan,nan,nan,nan,nan,nan,nan
1518217080000,nan,nan,nan,nan,nan,nan,nan,nan,nan,nan,nan
1518217140000,nan,nan,nan,nan,nan,nan,nan,nan,nan,nan,nan
1518217200000,nan,nan,nan,nan,nan,nan,nan,nan,nan,nan,nan
1518217260000,nan,nan,nan,nan,nan,nan,nan,nan,nan,nan,nan
1518217320000,nan,nan,nan,nan,nan,nan,nan,nan,nan,nan,nan
1518217380000,nan,nan,nan,nan,nan,nan,nan,nan,nan,nan,nan
1518217440000,nan,nan,nan,nan,nan,nan,nan,nan,nan,nan,nan
1518217500000,nan,nan,nan,nan,nan,nan,nan,nan,nan,nan,nan
1518217560000,nan,nan,nan,nan,nan,nan,nan,nan,nan,nan,nan
1518217620000,nan,nan,nan,nan,nan,nan,nan,nan,nan,nan,nan
1518217680000,nan,nan,nan,nan,nan,nan,nan,nan,nan,nan,nan
1518217740000,nan,nan,nan,nan,nan,nan,nan,nan,nan,nan,nan
1518217800000,nan,nan,nan,nan,nan,nan,nan,nan,nan,nan,nan
1518217860000,nan,nan,nan,nan,nan,nan,nan,nan,nan,nan,nan
1518217920000,nan,nan,nan,nan,nan,nan,nan,nan,nan,nan,nan
1518217980000,nan,nan,nan,nan,nan,nan,nan,nan,nan,nan,nan
1518218040000,nan,nan,nan,nan,nan,nan,nan,nan,nan,nan,nan
1518218100000,nan,nan,nan,nan,nan,nan,nan,nan,nan,nan,nan
1518218160000,nan,nan,nan,nan,nan,nan,nan,nan,nan,nan,nan
1518218220000,nan,nan,nan,nan,nan,nan,nan,nan,nan,nan,nan
1518218280000,nan,nan,nan,nan,nan,nan,nan,nan,nan,nan,nan
1518218340000,nan,nan,nan,nan,nan,nan,nan,nan,nan,nan,nan
1518218400000,nan,nan,nan,nan,nan,nan,nan,nan,nan,nan,nan
1518218460000,nan,nan,nan,nan,nan,nan,nan,nan,nan,nan,nan
1518218520000,nan,nan,nan,nan,nan,nan,nan,nan,nan,nan,nan
1518218580000,nan,nan,nan,nan,nan,nan,nan,nan,nan,nan,nan
1518218640000,nan,nan,nan,nan,nan,nan,nan,nan,nan,nan,nan
1518218700000,nan,nan,nan,nan,nan,nan,nan,nan,nan,nan,nan
1518218760000,nan,nan,nan,nan,nan,nan,nan,nan,nan,nan,nan
1518218820000,nan,nan,nan,nan,nan,nan,nan,nan,nan,nan,nan
1518218880000,nan,nan,nan,nan,nan,nan,nan,nan,nan,nan,nan
1518218940000,nan,nan,nan,nan,nan,nan,nan,nan,nan,nan,nan
1518219000000,nan,nan,nan,nan,nan,nan,nan,nan,nan,nan,nan
1518219060000,nan,nan,nan,nan,nan,nan,nan,nan,nan,nan,nan
1518219120000,nan,nan,nan,nan,nan,nan,nan,nan,nan,nan,nan
1518219180000,nan,nan,nan,nan,nan,nan,nan,nan,nan,nan,nan
1518219240000,nan,nan,nan,nan,nan,nan,nan,nan,nan,nan,nan
1518219300000,nan,nan,nan,nan,nan,nan,nan,nan,nan,nan,nan
1518219360000,nan,nan,nan,nan,nan,nan,nan,nan,nan,nan,nan
1518219420000,nan,nan,nan,nan,nan,nan,nan,nan,nan,nan,nan
1518219480000,nan,nan,nan,nan,nan,nan,nan,nan,nan,nan,nan
1518219540000,nan,nan,nan,nan,nan,nan,nan,nan,nan,nan,nan
1518219600000,nan,nan,nan,nan,nan,nan,nan,nan,nan,nan,nan
1518219660000,nan,nan,nan,nan,nan,nan,nan,nan,nan,nan,nan
1518219720000,nan,nan,nan,nan,nan,nan,nan,nan,nan,nan,nan
1518219780000,nan,nan,nan,nan,nan,nan,nan,nan,nan,nan,nan
1518219840000,nan,nan,nan,nan,nan,nan,nan,nan,nan,nan,nan
1518219900000,nan,nan,nan,nan,nan,nan,nan,nan,nan,nan,nan
1518219960000,nan,nan,nan,nan,nan,nan,nan,nan,nan,nan,nan
1518220020000,nan,nan,nan,nan,nan,nan,nan,nan,nan,nan,nan
1518220080000,nan,nan,nan,nan,nan,nan,nan,nan,nan,nan,nan
1518220140000,nan,nan,nan,nan,nan,nan,nan,nan,nan,nan,nan
1518220200000,nan,nan,nan,nan,nan,nan,nan,nan,nan,nan,nan
1518220260000,nan,nan,nan,nan,nan,nan,nan,nan,nan,nan,nan
1518220320000,nan,nan,nan,nan,nan,nan,nan,nan,nan,nan,nan
1518220380000,nan,nan,nan,nan,nan,nan,nan,nan,nan,nan,nan
1518220440000,nan,nan,nan,nan,nan,nan,nan,nan,nan,nan,nan
1518220500000,nan,nan,nan,nan,nan,nan,nan,nan,nan,nan,nan
1518220560000,nan,nan,nan,nan,nan,nan,nan,nan,nan,nan,nan
1518220620000,nan,nan,nan,nan,nan,nan,nan,nan,nan,nan,nan
1518220680000,nan,nan,nan,nan,nan,nan,nan,nan,nan,nan,nan
1518220740000,nan,nan,nan,nan,nan,nan,nan,nan,nan,nan,nan
